w1,algorithm,total_delay,tcr,local_tasks
0.1,CEO,251.4653003824351,63.916666666666664,128.5
0.1,GA-PSO,305.2935767647727,59.31666666666667,105.03333333333333
0.3,CEO,240.45810240455586,64.3,132.76666666666668
0.3,GA-PSO,272.41065806555264,59.86666666666667,114.83333333333333
0.5,CEO,233.86110260943389,63.53333333333333,136.23333333333332
0.5,GA-PSO,255.45256222151733,59.5,120.6
0.7,CEO,229.42283608410415,62.166666666666664,138.66666666666666
0.7,GA-PSO,246.16376884002958,58.5,125.7
0.9,CEO,226.61287879180134,60.03333333333333,141.53333333333333
0.9,GA-PSO,241.36781448143336,56.483333333333334,128.63333333333333
