algorithm,w1,delay,delay_sd,tcr,tcr_sd,local,n
CEO,0.1,251.4653003824351,11.701799939994869,63.916666666666664,3.52597096760138,128.5,30
CEO,0.3,240.45810240455586,10.44366923403148,64.3,3.4631060405762732,132.76666666666668,30
CEO,0.5,233.86110260943389,9.583870095163602,63.53333333333333,3.578993629820939,136.23333333333332,30
CEO,0.7,229.42283608410415,9.241527742552133,62.166666666666664,3.3665016461206916,138.66666666666666,30
CEO,0.9,226.61287879180134,9.258479187483973,60.03333333333333,3.4912040540659364,141.53333333333333,30
GA-PSO,0.1,305.2935767647727,20.657353243836575,59.31666666666667,3.7034078745200962,105.03333333333333,30
GA-PSO,0.3,272.41065806555264,17.728520439461057,59.86666666666667,3.906081318197026,114.83333333333333,30
GA-PSO,0.5,255.45256222151733,11.701547953235801,59.5,2.8947038440620463,120.6,30
GA-PSO,0.7,246.16376884002958,12.509182237463946,58.5,4.038606792891108,125.7,30
GA-PSO,0.9,241.36781448143336,9.788451023046404,56.483333333333334,3.6894148057917517,128.63333333333333,30
