exp,config,n_tasks,n_servers,w1,algorithm,seed,budget,fitness,total_delay,tcr,nfe,runtime_s,peak_mem_MB,local_tasks,server_counts
E1,S1,50,5,0.5,Random,8,15000,0.49738666745101784,49.81579986404684,0.68,15000,1.4137065410614014,nan,12,10;4;12;4;8
E1,S1,50,5,0.5,Random,7,15000,0.5055202085469257,54.57027949486464,0.72,15000,1.4364452362060547,nan,12,9;4;11;6;8
E1,S1,50,5,0.5,Random,6,15000,0.3981030218529423,50.655565974709894,0.8,15000,1.4541022777557373,nan,7,12;8;8;7;8
E1,S1,50,5,0.5,Random,1,15000,0.448157531345002,44.263617949563084,0.78,15000,1.5114350318908691,nan,10,4;8;10;8;10
E1,S1,50,5,0.5,Random,5,15000,0.5545196522403169,60.42987537451757,0.66,15000,1.4635875225067139,nan,12,8;5;9;8;8
E1,S1,50,5,0.5,Random,12,15000,0.4326546383957559,50.9171084195239,0.78,15000,1.4130523204803467,nan,12,9;10;8;5;6
E1,S1,50,5,0.5,Random,3,15000,0.5148294964168577,58.537593107502445,0.66,15000,1.5205633640289307,nan,12,7;10;6;10;5
E1,S1,50,5,0.5,Random,10,15000,0.5323146287830495,54.26519967973441,0.6,15000,1.450500726699829,nan,9,9;9;8;7;8
E1,S1,50,5,0.5,Random,9,15000,0.5607640853458233,53.02853908769125,0.64,15000,1.4655935764312744,nan,14,8;5;7;7;9
E1,S1,50,5,0.5,Random,2,15000,0.5294621703771076,56.79395414614408,0.6,15000,1.5636484622955322,nan,10,8;7;6;10;9
E1,S1,50,5,0.5,Random,4,15000,0.4336156441214657,40.97236309729784,0.78,15000,1.5217974185943604,nan,13,9;8;6;8;6
E1,S1,50,5,0.5,Random,13,15000,0.5398837497242293,57.75683797355637,0.68,15000,1.4170639514923096,nan,10,10;9;7;10;4
E1,S1,50,5,0.5,Random,11,15000,0.49839319805461724,52.88881639355607,0.62,15000,1.501558780670166,nan,10,8;7;8;12;5
E1,S1,50,5,0.5,Random,18,15000,0.48398223725390693,50.84952814471885,0.72,15000,1.3782293796539307,nan,5,7;12;8;8;10
E1,S1,50,5,0.5,Random,14,15000,0.5043829133383322,55.237033107577886,0.7,15000,1.4715430736541748,nan,12,6;6;10;9;7
E1,S1,50,5,0.5,Random,15,15000,0.4823260679687156,50.383230049034104,0.8,15000,1.4943912029266357,nan,13,7;7;7;9;7
E1,S1,50,5,0.5,Random,16,15000,0.40987485646948535,48.0201748254503,0.84,15000,1.4775304794311523,nan,10,9;5;11;8;7
E1,S1,50,5,0.5,Random,17,15000,0.4943765704198793,49.24895289534464,0.74,15000,1.4936668872833252,nan,14,8;6;6;9;7
E1,S1,50,5,0.5,Random,21,15000,0.49180452483363407,53.115765789514555,0.72,15000,1.3643693923950195,nan,13,8;8;8;8;5
E1,S1,50,5,0.5,Random,19,15000,0.5422123830336089,57.94911672423658,0.66,15000,1.406552791595459,nan,10,7;9;8;7;9
E1,S1,50,5,0.5,Random,24,15000,0.4690815066273565,48.80669262020062,0.76,15000,1.3861324787139893,nan,11,9;8;5;8;9
E1,S1,50,5,0.5,Random,20,15000,0.46787609919784673,53.77513763527417,0.7,15000,1.427546501159668,nan,13,8;8;8;6;7
E1,S1,50,5,0.5,Random,22,15000,0.534468109076687,52.56033847199136,0.6,15000,1.4272897243499756,nan,12,7;10;5;9;7
E1,S1,50,5,0.5,Random,27,15000,0.5805379907737829,57.442296957031196,0.54,15000,1.4002268314361572,nan,12,8;10;5;8;7
E1,S1,50,5,0.5,Random,26,15000,0.5769505507942934,55.89458031665966,0.56,15000,1.4347963333129883,nan,6,6;8;10;9;11
E1,S1,50,5,0.5,Random,23,15000,0.4352392344952759,42.29790732132857,0.78,15000,1.4772107601165771,nan,10,9;7;10;6;8
E1,S1,50,5,0.5,Random,25,15000,0.5134945869281882,55.743818936447155,0.64,15000,1.46388840675354,nan,15,8;5;9;8;5
E1,S1,50,5,0.5,Random,30,15000,0.5100615555957067,56.71643013430669,0.64,15000,1.4383184909820557,nan,8,4;9;11;6;12
E1,S1,50,5,0.5,Random,29,15000,0.5217172922756206,53.646381909764166,0.66,15000,1.4650154113769531,nan,9,8;6;8;9;10
E1,S1,50,5,0.5,Random,28,15000,0.44392514291036017,55.20050942839671,0.72,15000,1.4970297813415527,nan,9,9;6;9;7;10
E1,S1,50,5,0.5,GA,6,15000,0.2842243709822455,39.80089837207048,0.9,15000,2.180267095565796,nan,15,8;7;7;6;7
E1,S1,50,5,0.5,GA,2,15000,0.3770964450535148,47.76694931747574,0.8,15000,2.320890426635742,nan,18,4;7;7;7;7
E1,S1,50,5,0.5,GA,3,15000,0.3452853968707642,46.73192031976742,0.86,15000,2.3205180168151855,nan,22,4;10;6;4;4
E1,S1,50,5,0.5,GA,4,15000,0.31890251893734034,34.04523805883559,0.9,15000,2.334317684173584,nan,21,4;9;5;5;6
E1,S1,50,5,0.5,GA,5,15000,0.4278456415412224,46.80846582044248,0.74,15000,2.357851266860962,nan,23,5;5;7;5;5
E1,S1,50,5,0.5,GA,1,15000,0.29248593069930073,35.66743903390881,0.96,15000,2.4230291843414307,nan,18,5;7;6;7;7
E1,S1,50,5,0.5,GA,13,15000,0.37146598856281887,44.31396154335545,0.84,15000,2.244612693786621,nan,24,7;8;4;3;4
E1,S1,50,5,0.5,GA,12,15000,0.30378408641082644,41.62693272876805,0.92,15000,2.278669595718384,nan,19,6;5;7;7;6
E1,S1,50,5,0.5,GA,8,15000,0.35966042560643424,41.29240760210798,0.84,15000,2.358177900314331,nan,24,5;5;7;6;3
E1,S1,50,5,0.5,GA,10,15000,0.4231753846639775,46.241024204830765,0.72,15000,2.341183662414551,nan,19,8;7;5;6;5
E1,S1,50,5,0.5,GA,7,15000,0.3698098140491936,43.26710858447354,0.84,15000,2.410996437072754,nan,21,5;5;7;4;8
E1,S1,50,5,0.5,GA,17,15000,0.3399108545469572,40.53579935550057,0.92,15000,2.2508857250213623,nan,22,4;8;4;6;6
E1,S1,50,5,0.5,GA,11,15000,0.3562262429042835,45.65726795834594,0.82,15000,2.363142728805542,nan,16,7;6;8;7;6
E1,S1,50,5,0.5,GA,9,15000,0.4166263365404969,42.703467313061985,0.78,15000,2.4322612285614014,nan,25,6;3;6;6;4
E1,S1,50,5,0.5,GA,16,15000,0.2917137847443104,36.64219843477424,0.92,15000,2.365583896636963,nan,19,5;7;6;7;6
E1,S1,50,5,0.5,GA,18,15000,0.3286578998871003,41.192890761386025,0.9,15000,2.3609986305236816,nan,19,5;6;6;6;8
E1,S1,50,5,0.5,GA,14,15000,0.36216051516670467,43.97985662202256,0.84,15000,2.448169231414795,nan,20,7;7;5;6;5
E1,S1,50,5,0.5,GA,15,15000,0.3501949789798782,42.195546257674756,0.94,15000,2.441706657409668,nan,21,8;6;4;6;5
E1,S1,50,5,0.5,GA,20,15000,0.32161156161601473,44.256859098186325,0.88,15000,2.2741079330444336,nan,20,6;7;7;5;5
E1,S1,50,5,0.5,GA,21,15000,0.32029872761108746,42.31975576189654,0.92,15000,2.3555350303649902,nan,21,7;6;4;5;7
E1,S1,50,5,0.5,GA,24,15000,0.3219430674683316,42.21605041500779,0.96,15000,2.3662188053131104,nan,18,6;8;7;6;5
E1,S1,50,5,0.5,GA,23,15000,0.31542891946780255,34.51947565143027,0.9,15000,2.3876659870147705,nan,20,6;8;4;6;6
E1,S1,50,5,0.5,GA,22,15000,0.3574711401492717,42.03203018830071,0.82,15000,2.4347355365753174,nan,19,5;7;5;8;6
E1,S1,50,5,0.5,GA,19,15000,0.3945001696593572,47.4071166851712,0.82,15000,2.5994505882263184,nan,20,6;6;4;8;6
E1,S1,50,5,0.5,PSO,3,15000,0.3797558397550467,50.885975711214726,0.84,15000,1.9942996501922607,nan,16,4;7;7;8;8
E1,S1,50,5,0.5,PSO,5,15000,0.46040915182610836,50.35447473463743,0.72,15000,2.010042905807495,nan,24,6;4;5;4;7
E1,S1,50,5,0.5,PSO,1,15000,0.3620566518568548,38.22917681591196,0.86,15000,2.2090330123901367,nan,20,5;5;6;6;8
E1,S1,50,5,0.5,GA,28,15000,0.29632308745593444,42.922262674091016,0.88,15000,2.455626964569092,nan,18,7;6;7;8;4
E1,S1,50,5,0.5,PSO,2,15000,0.43900212491912355,49.819296133476186,0.7,15000,2.3665778636932373,nan,18,4;7;5;7;9
E1,S1,50,5,0.5,GA,25,15000,0.36393079754119373,42.44468412787749,0.78,15000,2.523088216781616,nan,20,6;5;6;8;5
E1,S1,50,5,0.5,GA,29,15000,0.38028858896214685,42.75157639002016,0.8,15000,2.5202693939208984,nan,22,5;6;5;7;5
E1,S1,50,5,0.5,PSO,4,15000,0.3428944059253943,37.082805379576484,0.9,15000,2.4126508235931396,nan,23,5;5;5;7;5
E1,S1,50,5,0.5,PSO,6,15000,0.3298919619381554,42.46323531316791,0.84,15000,2.39243745803833,nan,16,7;5;7;5;10
E1,S1,50,5,0.5,GA,26,15000,0.43704585637872406,46.51415564465627,0.72,15000,2.722499370574951,nan,21,5;6;6;4;8
E1,S1,50,5,0.5,GA,30,15000,0.3420370069539805,43.30901025527114,0.82,15000,2.7072103023529053,nan,18,6;4;8;5;9
E1,S1,50,5,0.5,GA,27,15000,0.4349303046905035,49.968612744556005,0.74,15000,2.87722110748291,nan,16,7;7;7;7;6
E1,S1,50,5,0.5,PSO,7,15000,0.41698711850802944,45.831591432120845,0.78,15000,2.101344347000122,nan,27,4;4;5;2;8
E1,S1,50,5,0.5,PSO,8,15000,0.3908800939352431,44.42553304134266,0.82,15000,2.100363254547119,nan,15,8;5;9;6;7
E1,S1,50,5,0.5,PSO,9,15000,0.4434826828919559,45.0510296378074,0.76,15000,2.097637176513672,nan,26,4;2;5;6;7
E1,S1,50,5,0.5,PSO,10,15000,0.4518069833526042,47.650518057415425,0.68,15000,2.3215489387512207,nan,19,8;7;4;6;6
E1,S1,50,5,0.5,PSO,11,15000,0.41519515010724806,48.91039758822293,0.74,15000,2.3155555725097656,nan,18,5;6;6;7;8
E1,S1,50,5,0.5,PSO,12,15000,0.35668703554813486,45.24117472494483,0.86,15000,2.4889633655548096,nan,25,3;3;6;4;9
E1,S1,50,5,0.5,PSO,14,15000,0.39351594490360625,47.30848939466869,0.82,15000,2.025944709777832,nan,20,4;6;6;7;7
E1,S1,50,5,0.5,PSO,13,15000,0.441232186722774,48.83956045476276,0.76,15000,2.1056723594665527,nan,24,6;6;3;4;7
E1,S1,50,5,0.5,PSO,15,15000,0.38774072891228645,44.50773898867024,0.9,15000,2.1695587635040283,nan,20,6;6;5;5;8
E1,S1,50,5,0.5,PSO,16,15000,0.3065752147584442,38.80558995564607,0.92,15000,1.9896211624145508,nan,22,4;6;6;5;7
E1,S1,50,5,0.5,PSO,18,15000,0.38476804985593566,45.05265054521202,0.84,15000,2.0130927562713623,nan,20,4;6;5;5;10
E1,S1,50,5,0.5,PSO,17,15000,0.3787673701068691,44.43603139812684,0.9,15000,2.0490241050720215,nan,20,3;6;6;5;10
E1,S1,50,5,0.5,PSO,20,15000,0.34837851184514923,47.093326069345146,0.86,15000,2.0301196575164795,nan,17,5;9;6;4;9
E1,S1,50,5,0.5,PSO,19,15000,0.4433553548113649,50.342648588558,0.76,15000,2.1040337085723877,nan,20,5;5;4;7;9
E1,S1,50,5,0.5,PSO,21,15000,0.38004953731016977,43.79194184159379,0.82,15000,2.157715082168579,nan,21,6;6;3;4;10
E1,S1,50,5,0.5,PSO,23,15000,0.33715045611237077,38.64491463533479,0.92,15000,2.0540714263916016,nan,18,3;8;5;7;9
E1,S1,50,5,0.5,PSO,22,15000,0.41926112692942374,47.027700686745206,0.76,15000,2.1013665199279785,nan,23,3;6;4;6;8
E1,S1,50,5,0.5,PSO,24,15000,0.36708671206724175,42.9352070478298,0.88,15000,2.0937862396240234,nan,22,5;6;5;6;6
E1,S1,50,5,0.5,PSO,25,15000,0.360165155100783,45.158266668112695,0.82,15000,2.0661427974700928,nan,16,6;5;7;8;8
E1,S1,50,5,0.5,PSO,26,15000,0.5025574005751309,53.64076927996415,0.68,15000,2.143317461013794,nan,16,8;4;5;8;9
E1,S1,50,5,0.5,PSO,27,15000,0.48619613558932595,53.453422396233655,0.68,15000,2.0625956058502197,nan,18,7;6;5;6;8
E1,S1,50,5,0.5,PSO,28,15000,0.36759723623692797,48.6024407867636,0.8,15000,2.1111598014831543,nan,19,5;4;6;7;9
E1,S1,50,5,0.5,PSO,29,15000,0.43005685358255585,47.29204035835396,0.76,15000,2.110292673110962,nan,20,5;5;4;6;10
E1,S1,50,5,0.5,PSO,30,15000,0.4283656311549214,51.26993188690086,0.74,15000,2.08954119682312,nan,20,6;4;6;2;12
E1,S1,50,5,0.5,CSA,1,15000,0.3544379991265149,39.849851130233134,0.9,15000,1.7905659675598145,nan,12,7;9;7;9;6
E1,S1,50,5,0.5,CSA,2,15000,0.4721363955558148,55.53110894965537,0.7,15000,1.796830654144287,nan,13,5;7;10;6;9
E1,S1,50,5,0.5,CSA,4,15000,0.422821819507138,42.137939507125516,0.82,15000,1.8142800331115723,nan,14,5;7;6;8;10
E1,S1,50,5,0.5,CSA,3,15000,0.5059870554240631,58.734098101610606,0.68,15000,1.8684661388397217,nan,8,8;9;8;10;7
E1,S1,50,5,0.5,CSA,5,15000,0.4974607117287045,53.03424320382093,0.68,15000,1.8083710670471191,nan,19,4;4;8;7;8
E1,S1,50,5,0.5,CSA,6,15000,0.35680723694282,47.036850435388416,0.84,15000,1.8117477893829346,nan,11,7;12;6;6;8
E1,S1,50,5,0.5,CSA,7,15000,0.45091686383294644,49.40417882971751,0.76,15000,1.8158910274505615,nan,15,8;4;9;7;7
E1,S1,50,5,0.5,CSA,8,15000,0.4725844136754812,49.10673772242197,0.72,15000,1.8391752243041992,nan,7,6;10;9;8;10
E1,S1,50,5,0.5,CSA,11,15000,0.4622108215067246,53.54353117680002,0.7,15000,1.7460191249847412,nan,16,6;7;6;7;8
E1,S1,50,5,0.5,CSA,9,15000,0.5285995500116211,49.94171190633362,0.66,15000,1.8604600429534912,nan,17,5;5;7;9;7
E1,S1,50,5,0.5,CSA,10,15000,0.49832890887493586,53.6143529581401,0.66,15000,1.8268373012542725,nan,12,8;7;7;8;8
E1,S1,50,5,0.5,CSA,12,15000,0.39101702515958636,49.080613466788314,0.84,15000,1.8625905513763428,nan,10,7;8;8;10;7
E1,S1,50,5,0.5,CSA,13,15000,0.4708527842556559,51.822640603554774,0.74,15000,1.8406305313110352,nan,17,6;7;8;5;7
E1,S1,50,5,0.5,CSA,14,15000,0.44282139401579823,50.3175953408934,0.76,15000,1.8893260955810547,nan,13,8;7;6;6;10
E1,S1,50,5,0.5,CSA,15,15000,0.43382438158337155,47.94506326014503,0.86,15000,1.9026896953582764,nan,10,8;9;8;8;7
E1,S1,50,5,0.5,CSA,17,15000,0.45451641922321134,49.26785478884408,0.82,15000,1.8693606853485107,nan,9,7;9;8;9;8
E1,S1,50,5,0.5,CSA,16,15000,0.3661048963659508,44.55996069460673,0.88,15000,1.894932746887207,nan,9,7;9;7;9;9
E1,S1,50,5,0.5,CSA,18,15000,0.4614644550206474,47.52081381758459,0.72,15000,1.9099888801574707,nan,10,6;8;6;10;10
E1,S1,50,5,0.5,CSA,20,15000,0.4375070867146145,52.021010556092165,0.74,15000,1.8152940273284912,nan,13,8;8;8;8;5
E1,S1,50,5,0.5,CSA,19,15000,0.5213577274530454,54.70229064974594,0.66,15000,1.917898178100586,nan,13,9;9;5;8;6
E1,S1,50,5,0.5,CSA,21,15000,0.4328534062953639,48.74469969151475,0.78,15000,2.050081729888916,nan,16,8;6;4;5;11
E1,S1,50,5,0.5,CSA,24,15000,0.4259198362042428,46.966498881736456,0.82,15000,2.0241448879241943,nan,14,6;8;6;8;8
E1,S1,50,5,0.5,CSA,23,15000,0.38939877978803494,41.53834640210348,0.86,15000,2.05509352684021,nan,16,4;5;7;8;10
E1,S1,50,5,0.5,CSA,22,15000,0.49429220295485743,49.3897747441971,0.64,15000,2.1450228691101074,nan,16,8;8;5;7;6
E1,S1,50,5,0.5,CSA,25,15000,0.4643169680060609,52.53826850555684,0.7,15000,2.07617449760437,nan,13,7;8;9;7;6
E1,S1,50,5,0.5,CSA,26,15000,0.5529374087213217,56.83205725990035,0.62,15000,2.0920543670654297,nan,15,9;3;7;9;7
E1,S1,50,5,0.5,CSA,27,15000,0.5265411033079616,55.1486415261004,0.62,15000,2.066281318664551,nan,8,9;9;7;10;7
E1,S1,50,5,0.5,CSA,29,15000,0.48114434674342127,48.98318237949624,0.68,15000,2.1829183101654053,nan,13,7;6;6;9;9
E1,S1,50,5,0.5,CSA,28,15000,0.40164720163406015,51.15427062205231,0.76,15000,2.2105045318603516,nan,9,7;11;10;9;4
E1,S1,50,5,0.5,CSA,30,15000,0.4675950878034209,51.137524863362614,0.66,15000,2.244173765182495,nan,16,7;6;7;5;9
E1,S1,50,5,0.5,GA-PSO,1,15000,0.2961798259944511,34.84199236029732,0.94,15050,2.5923547744750977,nan,17,5;7;7;8;6
E1,S1,50,5,0.5,GA-PSO,2,15000,0.4239248640479579,47.22022000407928,0.7,15050,2.634486675262451,nan,17,5;7;7;8;6
E1,S1,50,5,0.5,GA-PSO,3,15000,0.3452292772193452,45.02481275932977,0.84,15050,2.644710063934326,nan,21,5;7;8;6;3
E1,S1,50,5,0.5,GA-PSO,4,15000,0.31232544144714625,33.21252674854383,0.9,15050,2.711148262023926,nan,20,5;7;6;7;5
E1,S1,50,5,0.5,GA-PSO,5,15000,0.4274188784557385,46.74139710257597,0.74,15050,2.7347335815429688,nan,22,5;5;8;5;5
E1,S1,50,5,0.5,GA-PSO,6,15000,0.28352212164554175,39.68156768771519,0.9,15050,2.5595438480377197,nan,16,7;7;8;5;7
E1,S1,50,5,0.5,GA-PSO,7,15000,0.35494333322250954,44.033516486224705,0.88,15050,2.749514579772949,nan,24,5;4;5;5;7
E1,S1,50,5,0.5,GA-PSO,8,15000,0.36370151473655343,40.41256278327034,0.82,15050,2.6842808723449707,nan,22,6;6;8;5;3
E1,S1,50,5,0.5,GA-PSO,9,15000,0.41462392077377175,42.42459336763944,0.78,15050,2.5771660804748535,nan,24,4;4;6;8;4
E1,S1,50,5,0.5,GA-PSO,10,15000,0.42576999563663864,45.0317638248521,0.7,15050,2.5673718452453613,nan,19,8;8;5;5;5
E1,S1,50,5,0.5,GA-PSO,11,15000,0.37585677338526113,45.59390467511578,0.78,15050,2.6066734790802,nan,17,6;6;8;8;5
E1,S1,50,5,0.5,GA-PSO,12,15000,0.3185716605260179,42.38244466407365,0.9,15050,2.631223201751709,nan,16,7;5;7;7;8
E1,S1,50,5,0.5,GA-PSO,13,15000,0.38810079175638995,43.802323109652676,0.8,15050,2.6016132831573486,nan,25,6;8;3;4;4
E1,S1,50,5,0.5,GA-PSO,14,15000,0.36573275810254496,42.97797358422077,0.82,15050,2.666576385498047,nan,18,6;7;7;7;5
E1,S1,50,5,0.5,GA-PSO,15,15000,0.3554985058511681,41.57664133361327,0.92,15050,2.7319328784942627,nan,20,7;6;6;6;5
E1,S1,50,5,0.5,GA-PSO,16,15000,0.2957265452297499,37.22633953029689,0.92,15050,2.6325302124023438,nan,21,4;6;6;7;6
E1,S1,50,5,0.5,GA-PSO,17,15000,0.3409939315406995,40.68218749397331,0.92,15050,2.6425726413726807,nan,20,4;8;5;7;6
E1,S1,50,5,0.5,GA-PSO,18,15000,0.3541985157823253,40.533677717845954,0.84,15050,2.6088478565216064,nan,17,6;8;6;8;5
E1,S1,50,5,0.5,GA-PSO,19,15000,0.40069073641837566,46.81403246337385,0.8,15050,2.5450799465179443,nan,19,7;7;4;8;5
E1,S1,50,5,0.5,GA-PSO,21,15000,0.32794211031445225,41.96395154805708,0.9,15050,2.6279726028442383,nan,20,8;6;4;5;7
E1,S1,50,5,0.5,GA-PSO,20,15000,0.3338038870264851,44.627735049498334,0.86,15050,2.7426607608795166,nan,20,5;5;7;7;6
E1,S1,50,5,0.5,GA-PSO,23,15000,0.3177900335015133,34.82654248710269,0.9,15050,2.68564510345459,nan,21,7;7;6;4;5
E1,S1,50,5,0.5,GA-PSO,24,15000,0.33437090843282713,41.157351997873775,0.92,15050,2.5894722938537598,nan,18,5;7;8;7;5
E1,S1,50,5,0.5,GA-PSO,22,15000,0.37848634932224506,43.7630266772321,0.8,15050,2.7477521896362305,nan,21,3;8;6;7;5
E1,S1,50,5,0.5,GA-PSO,29,15000,0.39691298091459587,42.23670503602746,0.76,15050,2.2409822940826416,nan,22,6;6;5;6;5
E1,S1,50,5,0.5,GA-PSO,25,15000,0.3632052721562648,42.32341212744174,0.78,15050,2.709033966064453,nan,19,6;5;7;8;5
E1,S1,50,5,0.5,CEO,1,15000,0.29923419847362526,36.55076328043965,0.96,15080,2.207139253616333,nan,19,6;7;6;7;5
E1,S1,50,5,0.5,GA-PSO,26,15000,0.453496353213372,45.95834199114452,0.68,15050,2.702507257461548,nan,21,5;6;6;6;6
E1,S1,50,5,0.5,CEO,2,15000,0.39279948220267,47.02622235984285,0.76,15115,2.0785892009735107,nan,17,4;7;7;8;7
E1,S1,50,5,0.5,CEO,3,15000,0.3456073259561701,45.08898958689532,0.84,15145,2.1383066177368164,nan,21,4;8;8;6;3
E1,S1,50,5,0.5,CEO,4,15000,0.3154419394226867,33.60710064806122,0.9,15050,2.125561237335205,nan,21,5;7;6;6;5
E1,S1,50,5,0.5,GA-PSO,27,15000,0.4592869038463769,50.682524129401955,0.7,15050,2.6980292797088623,nan,14,7;8;8;7;6
E1,S1,50,5,0.5,CEO,5,15000,0.42642381302188487,46.585015810210486,0.74,15050,2.1780734062194824,nan,22,5;5;8;5;5
E1,S1,50,5,0.5,GA-PSO,28,15000,0.2929807501307777,42.315209498879994,0.88,15050,2.8006134033203125,nan,18,7;6;8;6;5
E1,S1,50,5,0.5,GA-PSO,30,15000,0.3439161129823309,43.63190816314634,0.82,15050,2.7086973190307617,nan,19,5;6;8;3;9
E1,S1,50,5,0.5,CEO,6,15000,0.27317570662106283,41.32196639142644,0.94,15145,2.289454221725464,nan,16,6;7;6;7;8
E1,S1,50,5,0.5,CEO,7,15000,0.3664928031432844,42.77189598612621,0.84,15115,2.201167345046997,nan,22,4;5;6;5;8
E1,S1,50,5,0.5,CEO,8,15000,0.3689773658598379,39.71503298237924,0.8,15085,2.2065553665161133,nan,21,7;5;8;5;4
E1,S1,50,5,0.5,CEO,9,15000,0.4127853210554617,42.168533878886784,0.78,15080,2.2598769664764404,nan,24,4;3;7;8;4
E1,S1,50,5,0.5,CEO,10,15000,0.4104702245137946,45.799286035635774,0.74,15145,2.1166977882385254,nan,19,7;6;6;6;6
E1,S1,50,5,0.5,CEO,12,15000,0.32411685650148175,41.67944612472887,0.88,15050,2.167224645614624,nan,19,6;4;8;6;7
E1,S1,50,5,0.5,CEO,11,15000,0.3640604618985384,45.28584084943411,0.8,15145,2.2904045581817627,nan,17,6;7;8;8;4
E1,S1,50,5,0.5,CEO,13,15000,0.35793615230613546,43.777291625522835,0.86,15115,2.182943820953369,nan,22,7;8;3;5;5
E1,S1,50,5,0.5,CEO,17,15000,0.3370602343588011,40.15051097318982,0.92,15080,2.1135642528533936,nan,21,4;8;5;6;6
E1,S1,50,5,0.5,CEO,14,15000,0.36375966593131204,42.67043122400927,0.82,15115,2.2301344871520996,nan,17,7;7;5;8;6
E1,S1,50,5,0.5,CEO,15,15000,0.3488162526580761,42.01385661821314,0.94,15110,2.218344211578369,nan,20,7;7;7;7;2
E1,S1,50,5,0.5,CEO,16,15000,0.2918123452496501,36.656545974771525,0.92,15175,2.232978343963623,nan,20,4;7;6;7;6
E1,S1,50,5,0.5,CEO,18,15000,0.3205424084606176,41.47147018023345,0.92,15175,2.1063506603240967,nan,18,6;5;6;7;8
E1,S1,50,5,0.5,CEO,20,15000,0.3318500642407727,44.297206615678505,0.86,15020,2.093168258666992,nan,21,5;6;7;5;6
E1,S1,50,5,0.5,CEO,19,15000,0.39826007813445535,46.43560738395109,0.8,15145,2.2208433151245117,nan,21,6;7;4;7;5
E1,S1,50,5,0.5,CEO,21,15000,0.31359685125980247,41.30790040047537,0.92,15115,2.221238374710083,nan,21,7;7;4;5;6
E1,S1,50,5,0.5,CEO,22,15000,0.35035151878052456,42.484670280667274,0.84,15085,2.1515328884124756,nan,19,5;8;5;6;7
E1,S1,50,5,0.5,CEO,24,15000,0.33062736960903516,40.6339505995876,0.92,15020,1.9597792625427246,nan,17,6;7;9;6;5
E1,S1,50,5,0.5,CEO,23,15000,0.31193735838957204,34.06539228377342,0.9,15085,2.1679060459136963,nan,20,6;7;5;6;6
E1,S1,50,5,0.5,CEO,25,15000,0.35550394749672964,42.7076370803947,0.8,15020,2.168220043182373,nan,17,8;6;7;6;6
E1,S1,50,5,0.5,CEO,26,15000,0.452428207905474,45.791082034354105,0.68,15145,2.2590713500976562,nan,19,6;7;8;6;4
E1,S1,50,5,0.5,CEO,27,15000,0.4501172328254414,49.1798996503258,0.7,15115,2.341132879257202,nan,18,7;7;5;8;5
E1,S1,50,5,0.5,CEO,28,15000,0.2974156928950838,43.12070751569818,0.88,15080,2.2369236946105957,nan,19,6;7;7;7;4
E1,S2,100,5,0.5,Random,1,15000,0.6974798689115056,121.22677717145406,0.55,15000,1.894547462463379,nan,27,15;16;9;17;16
E1,S1,50,5,0.5,CEO,29,15000,0.3788249407353048,42.52833052328812,0.8,15145,2.3793957233428955,nan,21,7;7;5;6;4
E1,S1,50,5,0.5,CEO,30,15000,0.3582617145058183,44.37863858666865,0.8,15110,2.360457420349121,nan,19,6;4;6;5;10
E1,S2,100,5,0.5,Random,2,15000,0.7509744959927525,147.6958543169262,0.45,15000,2.130272388458252,nan,24,20;7;16;19;14
E1,S2,100,5,0.5,Random,3,15000,0.7238546276920772,160.1890116086927,0.48,15000,2.0712625980377197,nan,30,16;15;15;12;12
E1,S2,100,5,0.5,Random,5,15000,0.7573406022162745,159.18963043490118,0.48,15000,2.0626139640808105,nan,26,12;18;16;12;16
E1,S2,100,5,0.5,Random,4,15000,0.7290810084451022,131.55495630544752,0.55,15000,2.098081350326538,nan,26,11;18;15;13;17
E1,S2,100,5,0.5,Random,6,15000,0.6563858321617162,134.62470678164524,0.51,15000,2.1791164875030518,nan,25,15;16;15;15;14
E1,S2,100,5,0.5,Random,7,15000,0.7541450801418473,145.9284531179057,0.51,15000,2.142392873764038,nan,23,13;15;17;16;16
E1,S2,100,5,0.5,Random,9,15000,0.7710592437860138,146.68802186217718,0.49,15000,2.0922937393188477,nan,27,13;15;14;15;16
E1,S2,100,5,0.5,Random,11,15000,0.7005906679134515,147.79886254648724,0.48,15000,2.0790364742279053,nan,26,13;14;17;14;16
E1,S2,100,5,0.5,Random,8,15000,0.7412897228009627,149.2234800563451,0.45,15000,2.247084140777588,nan,24,17;14;17;14;14
E1,S2,100,5,0.5,Random,10,15000,0.7213619365643046,152.25815019730817,0.56,15000,2.1937692165374756,nan,25,16;18;14;13;14
E1,S2,100,5,0.5,Random,12,15000,0.6698823562481206,143.66153817687913,0.58,15000,2.16768217086792,nan,23,12;16;20;18;11
E1,S2,100,5,0.5,Random,13,15000,0.7653056484646025,168.70612266097197,0.52,15000,2.066545248031616,nan,31,12;15;16;13;13
E1,S2,100,5,0.5,Random,14,15000,0.7074361216624269,150.8871114718023,0.5,15000,2.0097193717956543,nan,25,12;14;14;22;13
E1,S2,100,5,0.5,Random,15,15000,0.706255732951933,137.58960081831398,0.57,15000,1.9810400009155273,nan,24,17;17;15;17;10
E1,S2,100,5,0.5,Random,17,15000,0.7518520965919913,145.33122634888417,0.47,15000,1.9398267269134521,nan,19,14;19;15;19;14
E1,S2,100,5,0.5,Random,16,15000,0.6791296721542165,138.8403754352896,0.61,15000,2.005159378051758,nan,24,21;12;15;18;10
E1,S2,100,5,0.5,Random,18,15000,0.7103154364500184,156.4207705229603,0.49,15000,2.019021511077881,nan,28,16;17;13;13;13
E1,S2,100,5,0.5,Random,21,15000,0.7725120433823973,153.77666180563517,0.48,15000,1.956294059753418,nan,25,13;20;13;13;16
E1,S2,100,5,0.5,Random,19,15000,0.7515747875802362,157.9156481433096,0.5,15000,1.9981627464294434,nan,33,11;17;15;13;11
E1,S2,100,5,0.5,Random,23,15000,0.7301219362314915,144.04595724898178,0.53,15000,1.9450430870056152,nan,25,18;13;11;17;16
E1,S2,100,5,0.5,Random,20,15000,0.6498814041905545,146.3156660692455,0.51,15000,2.029592990875244,nan,25,12;16;14;17;16
E1,S2,100,5,0.5,Random,22,15000,0.7572057748074135,144.40865659206196,0.46,15000,2.011530637741089,nan,25,18;15;14;13;15
E1,S2,100,5,0.5,Random,24,15000,0.671533501656604,136.20566196493084,0.59,15000,2.0732271671295166,nan,33,15;12;18;15;7
E1,S2,100,5,0.5,Random,25,15000,0.7110362446058494,141.1291373529914,0.49,15000,2.0832390785217285,nan,27,17;13;14;18;11
E1,S2,100,5,0.5,Random,26,15000,0.775288842400021,143.43593325228605,0.49,15000,2.043041467666626,nan,33,14;15;12;12;14
E1,S2,100,5,0.5,Random,28,15000,0.6705472707465023,154.48670515584976,0.55,15000,2.060257911682129,nan,33,13;12;13;16;13
E1,S2,100,5,0.5,Random,27,15000,0.7519830392309041,152.90868494361305,0.45,15000,2.0870676040649414,nan,31,13;13;7;16;20
E1,S2,100,5,0.5,Random,29,15000,0.7336995313585797,147.20680008518352,0.48,15000,2.058701753616333,nan,29,14;12;15;11;19
E1,S2,100,5,0.5,Random,30,15000,0.7524928385811906,153.45148028585126,0.41,15000,2.0571720600128174,nan,28,13;12;18;14;15
E1,S2,100,5,0.5,GA,1,15000,0.43996733650518066,88.51018040257753,0.81,15000,4.10871434211731,nan,48,10;12;10;11;9
E1,S2,100,5,0.5,GA,3,15000,0.4873536704706078,111.3226273456512,0.67,15000,4.061389207839966,nan,51,9;11;11;12;6
E1,S2,100,5,0.5,GA,2,15000,0.5115834230337422,112.20007168749699,0.7,15000,4.301875591278076,nan,47,8;13;12;11;9
E1,S2,100,5,0.5,GA,4,15000,0.43512751329102517,90.0713063379639,0.82,15000,4.125427722930908,nan,51,9;13;9;11;7
E1,S2,100,5,0.5,GA,5,15000,0.5243274734968173,116.61456073521794,0.68,15000,4.175273895263672,nan,54,8;10;11;7;10
E1,S2,100,5,0.5,GA,9,15000,0.5066392115734597,104.21590414359444,0.72,15000,4.037187576293945,nan,53,9;7;10;10;11
E1,S2,100,5,0.5,GA,11,15000,0.47495833983011637,110.6865643468378,0.71,15000,4.079707622528076,nan,51,8;8;12;11;10
E1,S2,100,5,0.5,GA,10,15000,0.470125470124873,103.29239445476091,0.74,15000,4.147686719894409,nan,53,11;10;9;8;9
E1,S2,100,5,0.5,GA,6,15000,0.38944370578543197,97.99200151629464,0.82,15000,4.274036645889282,nan,49,12;11;9;10;9
E1,S2,100,5,0.5,GA,7,15000,0.4729158180389043,104.01700026971115,0.78,15000,4.226656913757324,nan,52,12;8;12;6;10
E1,S2,100,5,0.5,GA,8,15000,0.46470599667186946,108.71376429847595,0.75,15000,4.291433095932007,nan,51,11;8;11;10;9
E1,S2,100,5,0.5,GA,12,15000,0.4431728964861252,102.51713825638019,0.77,15000,4.020269393920898,nan,52,11;8;11;10;8
E1,S2,100,5,0.5,GA,14,15000,0.4937388991580428,113.38363355731991,0.7,15000,4.0031750202178955,nan,47,11;11;9;13;9
E1,S2,100,5,0.5,GA,13,15000,0.4904172441392154,112.53930877206976,0.72,15000,4.13377571105957,nan,53,10;11;10;7;9
E1,S2,100,5,0.5,GA,16,15000,0.415982241595326,93.48631040717372,0.82,15000,3.9919822216033936,nan,53,8;10;9;11;9
E1,S2,100,5,0.5,GA,18,15000,0.4867481825025464,112.25229452468989,0.68,15000,3.9265780448913574,nan,45,10;14;12;12;7
E1,S2,100,5,0.5,GA,17,15000,0.47956905198001193,104.35058074823885,0.74,15000,4.113191604614258,nan,51,11;12;7;9;10
E1,S2,100,5,0.5,GA,15,15000,0.46421070496224937,103.40755355332348,0.81,15000,4.177124500274658,nan,50,9;9;10;12;10
E1,S2,100,5,0.5,PSO,3,15000,0.5867426150478228,133.5589073665504,0.6,15000,2.4947926998138428,nan,57,5;8;7;6;17
E1,S2,100,5,0.5,PSO,4,15000,0.49031773095833703,95.34054512800246,0.75,15000,2.555562734603882,nan,63,4;8;6;6;13
E1,S2,100,5,0.5,PSO,1,15000,0.5029164903095635,98.24700500568207,0.76,15000,2.670567035675049,nan,55,9;6;8;7;15
E1,S2,100,5,0.5,PSO,2,15000,0.6112921597120913,127.62479379453126,0.6,15000,2.6595051288604736,nan,55,4;7;9;6;19
E1,S2,100,5,0.5,PSO,6,15000,0.49836876526172963,115.63880593352985,0.71,15000,2.530745029449463,nan,54,8;8;8;6;16
E1,S2,100,5,0.5,GA,19,15000,0.49976930640051853,110.12125826208523,0.7,15000,4.206814765930176,nan,51,9;10;9;11;10
E1,S2,100,5,0.5,PSO,5,15000,0.5995661153404562,124.69298837588047,0.58,15000,2.7062132358551025,nan,57,7;6;5;8;17
E1,S2,100,5,0.5,GA,20,15000,0.4395696790810161,111.87200330955118,0.74,15000,4.1567771434783936,nan,46,8;9;11;12;14
E1,S2,100,5,0.5,GA,23,15000,0.48073292592518374,97.67486987747534,0.71,15000,3.965654134750366,nan,50,9;12;10;10;9
E1,S2,100,5,0.5,GA,21,15000,0.4968692510121584,107.07682449674869,0.72,15000,4.189572811126709,nan,53,8;11;12;5;11
E1,S2,100,5,0.5,GA,22,15000,0.522129579499361,104.3718325012281,0.66,15000,4.112294673919678,nan,52,11;11;9;9;8
E1,S2,100,5,0.5,GA,25,15000,0.4807524154075762,100.81031479605085,0.69,15000,3.8514599800109863,nan,49,9;11;10;12;9
E1,S2,100,5,0.5,GA,26,15000,0.5210746852792838,100.92137259922308,0.69,15000,3.8638322353363037,nan,55,8;9;9;7;12
E1,S2,100,5,0.5,GA,24,15000,0.4608729449980093,100.97850049767615,0.77,15000,4.000549793243408,nan,45,9;9;15;13;9
E1,S2,100,5,0.5,GA,27,15000,0.4857231853438903,110.83009934837564,0.72,15000,4.07818341255188,nan,49,7;11;10;11;12
E1,S2,100,5,0.5,GA,28,15000,0.4239984742459033,103.67315022597613,0.75,15000,4.056293249130249,nan,50,11;9;10;10;10
E1,S2,100,5,0.5,GA,30,15000,0.49322988989803934,113.4485021508455,0.69,15000,4.050926446914673,nan,49,11;10;11;8;11
E1,S2,100,5,0.5,GA,29,15000,0.4834468744461826,106.72950264797558,0.72,15000,4.180174350738525,nan,54,9;10;7;9;11
E1,S2,100,5,0.5,PSO,7,15000,0.596079265734933,119.25442470389162,0.64,15000,2.528461456298828,nan,59,4;5;7;4;21
E1,S2,100,5,0.5,PSO,8,15000,0.6282632094023988,137.0541175628786,0.6,15000,2.5995230674743652,nan,53,7;5;7;6;22
E1,S2,100,5,0.5,PSO,10,15000,0.5570163540044297,119.05108975130996,0.67,15000,2.5542712211608887,nan,54,8;7;7;6;18
E1,S2,100,5,0.5,PSO,9,15000,0.6147750585190399,117.8983490452801,0.6,15000,2.6408748626708984,nan,56,7;5;7;8;17
E1,S2,100,5,0.5,PSO,11,15000,0.5549320603751966,124.09599595439646,0.63,15000,2.6738173961639404,nan,54,6;8;8;9;15
E1,S2,100,5,0.5,PSO,12,15000,0.5267832875890215,116.14048296882034,0.69,15000,2.638380289077759,nan,55,7;6;9;7;16
E1,S2,100,5,0.5,PSO,13,15000,0.6541113126944906,137.81254012067922,0.55,15000,2.551250696182251,nan,57,6;9;4;5;19
E1,S2,100,5,0.5,PSO,17,15000,0.5354031986408003,113.55494564468746,0.69,15000,2.503699779510498,nan,65,4;7;4;5;15
E1,S2,100,5,0.5,PSO,16,15000,0.5315989992794968,108.00235857442745,0.69,15000,2.547089099884033,nan,58,4;7;7;7;17
E1,S2,100,5,0.5,PSO,14,15000,0.5783637623193081,129.75259067503632,0.63,15000,2.673489809036255,nan,52,8;9;7;7;17
E1,S2,100,5,0.5,PSO,15,15000,0.5510675774870868,112.32994179228409,0.7,15000,2.672589063644409,nan,55,8;7;7;10;13
E1,S2,100,5,0.5,PSO,19,15000,0.6079982038504609,125.3056291448153,0.58,15000,2.5275344848632812,nan,56,7;6;6;10;15
E1,S2,100,5,0.5,PSO,18,15000,0.5552204487750083,125.46920098633491,0.62,15000,2.588200569152832,nan,53,5;8;7;9;18
E1,S2,100,5,0.5,PSO,20,15000,0.5313922678865053,126.98581163584149,0.64,15000,2.549100637435913,nan,54,7;8;8;7;16
E1,S2,100,5,0.5,PSO,22,15000,0.6341045682675326,124.22333807318732,0.57,15000,2.590704917907715,nan,55,5;8;5;8;19
E1,S2,100,5,0.5,PSO,21,15000,0.6013107293340494,123.41171634602732,0.62,15000,2.6051454544067383,nan,59,6;7;6;6;16
E1,S2,100,5,0.5,PSO,23,15000,0.5578244941523569,111.37523240891319,0.65,15000,2.565277099609375,nan,60,4;8;6;6;16
E1,S2,100,5,0.5,PSO,24,15000,0.5157278164750101,108.2349444841361,0.71,15000,2.673630952835083,nan,63,4;6;8;5;14
E1,S2,100,5,0.5,PSO,25,15000,0.5588031216956209,117.22787042448485,0.64,15000,2.650768756866455,nan,51,7;8;7;8;19
E1,S2,100,5,0.5,PSO,27,15000,0.5569911469023597,120.85381610459869,0.64,15000,2.5830798149108887,nan,59,8;6;6;7;14
E1,S2,100,5,0.5,CSA,1,15000,0.6239817871215133,112.63198877087748,0.63,15000,2.347684383392334,nan,38,10;11;9;12;20
E1,S2,100,5,0.5,PSO,26,15000,0.6226367338833336,116.51469224597689,0.6,15000,2.612934112548828,nan,66,4;4;4;6;16
E1,S2,100,5,0.5,PSO,29,15000,0.563252490143679,120.65328951294953,0.65,15000,2.5736923217773438,nan,57,7;7;7;8;14
E1,S2,100,5,0.5,PSO,28,15000,0.49774701790245585,115.37494183289978,0.67,15000,2.7337067127227783,nan,55,8;6;8;11;12
E1,S2,100,5,0.5,PSO,30,15000,0.5757644024176962,124.36117375025873,0.59,15000,2.667660713195801,nan,58,7;6;6;4;19
E1,S2,100,5,0.5,CSA,4,15000,0.6400900691300364,123.98890701783044,0.67,15000,2.1507270336151123,nan,41,9;12;8;11;19
E1,S2,100,5,0.5,CSA,2,15000,0.6865420750429603,137.01140405500078,0.51,15000,2.287778377532959,nan,37,11;14;9;11;18
E1,S2,100,5,0.5,CSA,8,15000,0.6726456962332859,144.85707645177962,0.56,15000,2.226881980895996,nan,39,9;12;13;8;19
E1,S2,100,5,0.5,CSA,3,15000,0.6483754203536066,144.48307953996573,0.54,15000,2.421196460723877,nan,29,11;14;15;15;16
E1,S2,100,5,0.5,CSA,5,15000,0.698938580386316,142.09661996741707,0.49,15000,2.391554594039917,nan,40,9;9;12;13;17
E1,S2,100,5,0.5,CSA,6,15000,0.6008223364155304,131.16783635432245,0.6,15000,2.3362016677856445,nan,26,12;12;17;14;19
E1,S2,100,5,0.5,CSA,7,15000,0.646003059597969,123.53180307407362,0.57,15000,2.337709903717041,nan,37,11;10;12;13;17
E1,S2,100,5,0.5,CSA,10,15000,0.6487375251207247,134.75824513324923,0.59,15000,2.2319114208221436,nan,40,12;8;11;11;18
E1,S2,100,5,0.5,CSA,9,15000,0.6671844047455835,132.7955210611532,0.6,15000,2.281324625015259,nan,47,9;3;9;14;18
E1,S2,100,5,0.5,CSA,11,15000,0.6705312657985398,146.1016548382747,0.53,15000,2.2970526218414307,nan,33,9;10;11;16;21
E1,S2,100,5,0.5,CSA,12,15000,0.5633014421618479,124.42442520705895,0.67,15000,2.423795700073242,nan,39,12;9;9;11;20
E1,S2,100,5,0.5,CSA,13,15000,0.6827901288589308,147.02297197449838,0.55,15000,2.3011863231658936,nan,48,10;8;6;11;17
E1,S2,100,5,0.5,CSA,14,15000,0.6765201289933963,142.33861892918634,0.51,15000,2.2701416015625,nan,29,13;13;11;15;19
E1,S2,100,5,0.5,CSA,16,15000,0.6098118281735375,126.13075144264982,0.66,15000,2.2747128009796143,nan,35,8;12;12;11;22
E1,S2,100,5,0.5,CSA,15,15000,0.6086169111815427,128.44820631166198,0.7,15000,2.390712261199951,nan,45,13;8;7;11;16
E1,S2,100,5,0.5,CSA,17,15000,0.693763166834015,142.91658319584897,0.57,15000,2.355325698852539,nan,23,8;18;17;18;16
E1,S2,100,5,0.5,CSA,18,15000,0.6483414806351071,145.43631797676485,0.55,15000,2.369976043701172,nan,30,12;14;14;11;19
E1,S2,100,5,0.5,CSA,19,15000,0.6732749259860253,144.28313335692476,0.57,15000,2.3046998977661133,nan,35,12;6;12;16;19
E1,S2,100,5,0.5,CSA,26,15000,0.7641126779804973,144.49010812668635,0.52,15000,2.009632110595703,nan,38,11;8;10;13;20
E1,S2,100,5,0.5,CSA,20,15000,0.6470235411392965,145.2828941722119,0.51,15000,2.421107530593872,nan,26,14;17;10;19;14
E1,S2,100,5,0.5,CSA,21,15000,0.6475840372013353,131.294890274505,0.58,15000,2.441171407699585,nan,42,8;11;8;14;17
E1,S2,100,5,0.5,CSA,27,15000,0.6493754152714659,132.83826595656058,0.53,15000,2.057114362716675,nan,40,10;10;12;14;14
E1,S2,100,5,0.5,CSA,22,15000,0.6971827216264878,134.02776145261285,0.51,15000,2.348400354385376,nan,43,9;9;10;11;18
E1,S2,100,5,0.5,CSA,23,15000,0.6768123300470655,137.26448729132153,0.59,15000,2.3788108825683594,nan,36,8;12;13;12;19
E1,S2,100,5,0.5,CSA,25,15000,0.6838335083429243,135.8054216229051,0.51,15000,2.3527417182922363,nan,38,13;10;12;9;18
E1,S2,100,5,0.5,CSA,24,15000,0.5965414978721082,121.61036721280279,0.64,15000,2.4360334873199463,nan,36,12;10;13;13;16
E1,S2,100,5,0.5,CSA,29,15000,0.6885130692604208,139.3798586476372,0.52,15000,2.3031086921691895,nan,34,15;10;12;12;17
E1,S2,100,5,0.5,CSA,28,15000,0.6428840712265528,148.36226073545077,0.57,15000,2.4252450466156006,nan,35,9;13;10;11;22
E1,S2,100,5,0.5,CSA,30,15000,0.6985428517558105,155.4807655535147,0.53,15000,2.3561830520629883,nan,40,9;8;11;11;21
E1,S2,100,5,0.5,GA-PSO,1,15000,0.41197123356703197,86.45857597897293,0.85,15050,2.6697490215301514,nan,51,7;10;11;10;11
E1,S2,100,5,0.5,GA-PSO,2,15000,0.4863196631156019,105.91218576507902,0.71,15050,2.6241374015808105,nan,50,8;11;11;10;10
E1,S2,100,5,0.5,GA-PSO,3,15000,0.45282657588116126,106.30579494838075,0.71,15050,2.7453062534332275,nan,59,7;12;9;8;5
E1,S2,100,5,0.5,GA-PSO,5,15000,0.5040464360632928,111.72338014215059,0.69,15050,2.5480661392211914,nan,50,10;9;12;11;8
E1,S2,100,5,0.5,GA-PSO,4,15000,0.4193336337646608,87.25432191350156,0.83,15050,2.8004064559936523,nan,55,8;12;8;8;9
E1,S2,100,5,0.5,GA-PSO,6,15000,0.38102374335113715,96.87282967339999,0.83,15050,2.652991533279419,nan,48,11;10;9;11;11
E1,S2,100,5,0.5,GA-PSO,8,15000,0.4455009889856109,102.56771830750384,0.75,15050,2.613847255706787,nan,53,10;9;12;9;7
E1,S2,100,5,0.5,GA-PSO,7,15000,0.456119703308944,97.7699138682529,0.77,15050,2.6537344455718994,nan,57,7;7;10;8;11
E1,S2,100,5,0.5,GA-PSO,9,15000,0.5063246597409419,104.12649389343275,0.72,15050,2.6624255180358887,nan,52,11;7;10;11;9
E1,S2,100,5,0.5,GA-PSO,12,15000,0.438968852911596,99.64190932141648,0.76,15050,2.6405587196350098,nan,50,9;9;11;9;12
E1,S2,100,5,0.5,GA-PSO,10,15000,0.4553989215221082,100.33854776227025,0.75,15050,2.6984753608703613,nan,56,10;10;7;9;8
E1,S2,100,5,0.5,GA-PSO,13,15000,0.4671826866155497,108.28892446442475,0.74,15050,2.700965404510498,nan,57,9;12;9;6;7
E1,S2,100,5,0.5,GA-PSO,11,15000,0.46334239047166653,105.11264144252577,0.7,15050,2.777679920196533,nan,49,10;9;10;13;9
E1,S2,100,5,0.5,GA-PSO,14,15000,0.5042163711413421,111.89185982832298,0.67,15050,2.8115673065185547,nan,48,10;10;11;10;11
E1,S2,100,5,0.5,GA-PSO,15,15000,0.45354221126858396,99.01916345804365,0.8,15050,2.8113508224487305,nan,54,11;9;10;9;7
E1,S2,100,5,0.5,GA-PSO,17,15000,0.4612906308940917,101.87937214695903,0.76,15050,2.7102785110473633,nan,50,10;10;10;10;10
E1,S2,100,5,0.5,GA-PSO,16,15000,0.4161890597383208,93.54562242680777,0.82,15050,2.8256540298461914,nan,54,7;11;9;11;8
E1,S2,100,5,0.5,GA-PSO,18,15000,0.4710460106433921,110.29334904544697,0.7,15050,2.765428066253662,nan,50,8;10;10;11;11
E1,S2,100,5,0.5,GA-PSO,20,15000,0.43611052802298506,110.62193851069532,0.74,15050,2.513463020324707,nan,44,10;11;13;12;10
E1,S2,100,5,0.5,GA-PSO,19,15000,0.5044061713572192,111.58112736460316,0.7,15050,2.60794734954834,nan,56,10;10;6;12;6
E1,S2,100,5,0.5,GA-PSO,21,15000,0.4848956383111149,104.98442706777406,0.73,15050,2.6825687885284424,nan,53,9;10;9;8;11
E1,S2,100,5,0.5,CEO,1,15000,0.375401722048792,82.20724462534497,0.89,15120,2.1429049968719482,nan,54,8;10;11;8;9
E1,S2,100,5,0.5,GA-PSO,24,15000,0.43651123802706754,98.2453259441424,0.8,15050,2.609062433242798,nan,48,7;10;14;11;10
E1,S2,100,5,0.5,GA-PSO,22,15000,0.5162089614193819,104.09895966794384,0.67,15050,2.7470250129699707,nan,54,8;11;7;11;9
E1,S2,100,5,0.5,GA-PSO,23,15000,0.46386870641151684,95.67786065962683,0.73,15050,2.6524546146392822,nan,55,9;10;8;9;9
E1,S2,100,5,0.5,GA-PSO,25,15000,0.4734558864333942,98.55226436260904,0.69,15050,2.6631879806518555,nan,51,10;10;9;11;9
E1,S2,100,5,0.5,CEO,3,15000,0.45248547126187355,104.4612811313702,0.7,15150,2.1562068462371826,nan,58,6;9;11;10;6
E1,S2,100,5,0.5,CEO,2,15000,0.4812606857732195,102.79086463412416,0.7,15120,2.274148464202881,nan,53,9;10;8;11;9
E1,S2,100,5,0.5,GA-PSO,26,15000,0.5190333065758043,100.35859470434404,0.69,15050,2.8278677463531494,nan,57,9;8;10;7;9
E1,S2,100,5,0.5,GA-PSO,29,15000,0.4828423955074146,103.43405625673758,0.7,15050,2.5740582942962646,nan,52,10;10;8;10;10
E1,S2,100,5,0.5,GA-PSO,28,15000,0.42966386912862603,105.63753929601178,0.75,15050,2.6323750019073486,nan,45,12;11;11;11;10
E1,S2,100,5,0.5,GA-PSO,27,15000,0.4890093376680262,105.47206298594001,0.68,15050,2.748415946960449,nan,50,10;11;10;10;9
E1,S2,100,5,0.5,CEO,4,15000,0.3936499397048566,83.16119471335183,0.85,15120,2.2870824337005615,nan,60,7;11;6;9;7
E1,S2,100,5,0.5,CEO,5,15000,0.4865415579919345,107.72079738509797,0.7,15025,2.2445318698883057,nan,58,8;8;8;10;8
E1,S2,100,5,0.5,GA-PSO,30,15000,0.4687991431088139,105.25398205535741,0.69,15050,2.732771158218384,nan,53,8;9;12;7;11
E1,S2,100,5,0.5,CEO,6,15000,0.3659376879795769,91.93596597487185,0.83,15180,2.2249913215637207,nan,51,11;10;10;9;9
E1,S2,100,5,0.5,CEO,7,15000,0.43912354710225104,94.33163942177144,0.78,15025,2.170907735824585,nan,60,7;5;10;7;11
E1,S2,100,5,0.5,CEO,8,15000,0.43507693779108836,100.83189665913369,0.76,15055,2.213893413543701,nan,58,10;9;11;7;5
E1,S2,100,5,0.5,CEO,11,15000,0.442548185892446,103.16893970634041,0.73,15120,2.1358728408813477,nan,52,9;8;11;11;9
E1,S2,100,5,0.5,CEO,10,15000,0.4430342000123021,98.10196219000757,0.76,15150,2.180225133895874,nan,59,9;10;7;8;7
E1,S2,100,5,0.5,CEO,13,15000,0.4556775802850835,106.19975738670914,0.75,15150,2.1342010498046875,nan,59,11;10;7;5;8
E1,S2,100,5,0.5,CEO,9,15000,0.4697249304270494,97.98684693629548,0.75,15120,2.313265323638916,nan,59,10;5;8;10;8
E1,S2,100,5,0.5,CEO,12,15000,0.40950578345021743,96.68576391547529,0.8,15150,2.196997880935669,nan,55,9;7;11;9;9
E1,S2,100,5,0.5,CEO,14,15000,0.4593912126076448,103.70318323372855,0.71,15025,2.181943893432617,nan,53,9;10;9;10;9
E1,S2,100,5,0.5,CEO,17,15000,0.42946444166883224,96.85655159837117,0.79,15120,2.094003915786743,nan,57,6;10;8;10;9
E1,S2,100,5,0.5,CEO,22,15000,0.47781000651276245,100.12748564638204,0.72,15120,1.912564754486084,nan,60,7;10;7;8;8
E1,S2,100,5,0.5,CEO,18,15000,0.4475756126897279,107.38339680469157,0.73,15025,2.0949764251708984,nan,55,6;11;9;9;10
E1,S2,100,5,0.5,CEO,15,15000,0.4318668807488708,95.74916789793811,0.82,15025,2.263756513595581,nan,55,10;9;9;10;7
E1,S2,100,5,0.5,CEO,19,15000,0.4604279175004096,105.60601989780905,0.75,15025,2.145846128463745,nan,58,9;9;5;10;9
E1,S2,100,5,0.5,CEO,16,15000,0.38424283629287026,88.6857260793945,0.85,15150,2.2861146926879883,nan,56,5;10;10;10;9
E1,S2,100,5,0.5,CEO,20,15000,0.405379522684726,103.13018704234467,0.76,15150,2.269984245300293,nan,53,9;9;10;10;9
E1,S2,100,5,0.5,CEO,21,15000,0.46259455909548025,99.79332523559705,0.74,15150,2.221637725830078,nan,58,10;10;4;6;12
E1,S2,100,5,0.5,CEO,23,15000,0.44450443287268865,91.49885871954854,0.74,15025,2.215376615524292,nan,56,7;11;9;8;9
E1,S2,100,5,0.5,CEO,24,15000,0.41033599636211626,93.5229223212637,0.82,15150,2.21779727935791,nan,55,7;9;11;9;9
E1,S2,100,5,0.5,CEO,25,15000,0.4578742930574462,96.82493354730612,0.71,15085,2.2318811416625977,nan,52,11;10;8;10;9
E1,S2,100,5,0.5,CEO,26,15000,0.49670580456068475,95.58165885654691,0.7,15025,2.2313101291656494,nan,60,7;7;9;8;9
E1,S3,150,5,0.5,Random,1,15000,0.8620056673178278,252.87500349810696,0.3933333333333333,15000,2.027808427810669,nan,42,19;17;22;26;24
E1,S3,150,5,0.5,Random,3,15000,0.9278176001429909,308.55286291715885,0.3333333333333333,15000,1.8855090141296387,nan,39,24;18;22;30;17
E1,S3,150,5,0.5,Random,2,15000,0.9512645655019502,289.4756538310718,0.3933333333333333,15000,2.019685745239258,nan,35,21;23;25;23;23
E1,S3,150,5,0.5,Random,5,15000,0.9638714725534755,287.71215963958514,0.3333333333333333,15000,1.9755887985229492,nan,46,21;17;28;17;21
E1,S2,100,5,0.5,CEO,27,15000,0.47215436081329615,103.27453097753613,0.7,15150,2.247863292694092,nan,60,8;10;7;8;7
E1,S3,150,5,0.5,Random,7,15000,0.9780392507444844,277.8356705005452,0.4,15000,1.9093704223632812,nan,44,14;16;23;23;30
E1,S3,150,5,0.5,Random,8,15000,0.9339846918526497,275.2190797676605,0.32666666666666666,15000,1.8646562099456787,nan,34,19;26;24;26;21
E1,S2,100,5,0.5,CEO,29,15000,0.45874020362702733,100.60546038156271,0.73,15120,2.2294979095458984,nan,56,10;9;8;8;9
E1,S2,100,5,0.5,CEO,28,15000,0.40036764157318305,102.41421450038868,0.79,15055,2.2804489135742188,nan,55,10;8;8;10;9
E1,S2,100,5,0.5,CEO,30,15000,0.45915458412863097,105.373203485827,0.71,15085,2.2302234172821045,nan,55,9;9;10;6;11
E1,S3,150,5,0.5,Random,4,15000,0.9263135043712091,277.00491425748487,0.42,15000,2.069366931915283,nan,35,23;26;20;22;24
E1,S3,150,5,0.5,Random,6,15000,0.847932323461833,262.66453543470334,0.3933333333333333,15000,2.1231582164764404,nan,44,23;20;25;20;18
E1,S3,150,5,0.5,Random,9,15000,0.9648335154787469,285.71473993101876,0.38666666666666666,15000,1.9791946411132812,nan,47,22;21;21;25;14
E1,S3,150,5,0.5,Random,11,15000,0.9067793139005891,277.3951985219553,0.35333333333333333,15000,1.9060907363891602,nan,41,24;17;24;22;22
E1,S3,150,5,0.5,Random,10,15000,0.9102274935423855,289.3827764952756,0.4,15000,2.013042449951172,nan,41,24;21;22;17;25
E1,S3,150,5,0.5,Random,12,15000,0.8798242376340442,282.32849104592015,0.4066666666666667,15000,2.1366870403289795,nan,39,19;22;26;21;23
E1,S3,150,5,0.5,Random,13,15000,0.9470902478629913,307.4787610352332,0.34,15000,2.0076229572296143,nan,36,28;25;21;20;20
E1,S3,150,5,0.5,Random,16,15000,0.8928220672370266,272.9893221110467,0.47333333333333333,15000,1.920318603515625,nan,38,22;26;19;22;23
E1,S3,150,5,0.5,Random,14,15000,0.9214442488551652,299.3943457108667,0.32,15000,2.121241569519043,nan,41,25;21;19;20;24
E1,S3,150,5,0.5,Random,15,15000,0.8591006827584586,265.04158132109035,0.47333333333333333,15000,2.0607197284698486,nan,47,21;23;18;17;24
E1,S3,150,5,0.5,Random,21,15000,0.9657099057438505,301.0403673963182,0.37333333333333335,15000,1.961702585220337,nan,38,17;25;25;23;22
E1,S3,150,5,0.5,Random,25,15000,0.916220885540905,279.70837711726426,0.3466666666666667,15000,1.8803560733795166,nan,36,26;26;20;20;22
E1,S3,150,5,0.5,Random,17,15000,0.915822703535301,279.0161292412184,0.4066666666666667,15000,2.101595640182495,nan,38,21;16;23;28;24
E1,S3,150,5,0.5,Random,24,15000,0.8970967874836984,277.5800010647409,0.36,15000,1.958198070526123,nan,33,18;23;29;25;22
E1,S3,150,5,0.5,Random,23,15000,0.9083953905062778,269.7239219998147,0.3933333333333333,15000,1.9749722480773926,nan,40,17;19;26;27;21
E1,S3,150,5,0.5,Random,22,15000,0.9349695061429681,267.6069324630098,0.3333333333333333,15000,2.0495426654815674,nan,41,21;23;25;19;21
E1,S3,150,5,0.5,Random,19,15000,0.9515692854954164,291.86793833001923,0.36666666666666664,15000,2.0947775840759277,nan,33,26;21;26;24;20
E1,S3,150,5,0.5,Random,18,15000,0.8741293453517889,275.00027463135007,0.3933333333333333,15000,2.105518341064453,nan,45,20;20;21;18;26
E1,S3,150,5,0.5,Random,20,15000,0.8710786963287254,284.9787894898039,0.4,15000,2.1125175952911377,nan,43,19;30;18;16;24
E1,S3,150,5,0.5,Random,26,15000,0.9418574022604279,282.9497004526381,0.36666666666666664,15000,1.9724361896514893,nan,40,25;21;22;21;21
E1,S3,150,5,0.5,Random,27,15000,0.9162181449993941,291.7961174904066,0.37333333333333335,15000,2.03183913230896,nan,39,22;21;20;26;22
E1,S3,150,5,0.5,Random,29,15000,0.9685076081835664,277.17480848484627,0.36,15000,2.0586202144622803,nan,36,25;19;22;20;28
E1,S3,150,5,0.5,Random,28,15000,0.8778742372624725,272.61163059437297,0.3466666666666667,15000,2.110948324203491,nan,37,26;18;20;28;21
E1,S3,150,5,0.5,Random,30,15000,0.9131369151106565,296.4489732523264,0.32666666666666666,15000,2.0591788291931152,nan,42,18;18;27;20;25
E1,S3,150,5,0.5,GA,1,15000,0.5000369524611004,158.43919627586956,0.7,15000,4.639722108840942,nan,86,13;10;12;13;16
E1,S3,150,5,0.5,GA,6,15000,0.552926944413656,181.47340125185713,0.6466666666666666,15000,4.737905263900757,nan,76,17;14;17;13;13
E1,S3,150,5,0.5,GA,11,15000,0.5959892293080129,193.02466142997085,0.62,15000,4.638365745544434,nan,75,15;12;16;17;15
E1,S3,150,5,0.5,GA,8,15000,0.5803075098102004,184.44490175856234,0.64,15000,4.7266693115234375,nan,84,15;13;13;14;11
E1,S3,150,5,0.5,GA,7,15000,0.5773549084742189,171.0167673999831,0.68,15000,4.772072076797485,nan,90,12;10;12;11;15
E1,S3,150,5,0.5,GA,4,15000,0.5448621346540479,168.99225238233714,0.6866666666666666,15000,4.88987922668457,nan,82,12;14;15;14;13
E1,S3,150,5,0.5,GA,3,15000,0.595220806335839,198.20957371921506,0.5733333333333334,15000,4.966153621673584,nan,81,13;17;16;10;13
E1,S3,150,5,0.5,GA,2,15000,0.5818827398301999,176.57032954045002,0.6266666666666667,15000,5.045085668563843,nan,88,9;15;15;12;11
E1,S3,150,5,0.5,GA,12,15000,0.5541911920525975,182.77380744320226,0.6466666666666666,15000,4.8682334423065186,nan,79,12;10;17;15;17
E1,S3,150,5,0.5,GA,9,15000,0.581939144309918,171.59049161404394,0.6266666666666667,15000,5.005688667297363,nan,91,11;11;12;14;11
E1,S3,150,5,0.5,GA,5,15000,0.6370369688461988,197.8973227079932,0.5933333333333334,15000,5.094583034515381,nan,85,14;11;15;14;11
E1,S3,150,5,0.5,GA,14,15000,0.6058962352185958,200.42013011114256,0.5666666666666667,15000,4.937512397766113,nan,85,12;15;11;15;12
E1,S3,150,5,0.5,GA,13,15000,0.5757038721403867,197.1681399340217,0.64,15000,5.017081260681152,nan,81,17;13;12;12;15
E1,S3,150,5,0.5,GA,10,15000,0.5638069823005643,182.00938396214008,0.64,15000,5.085619688034058,nan,84,16;12;10;16;12
E1,S3,150,5,0.5,GA,17,15000,0.5349776489768006,171.98398038126015,0.6933333333333334,15000,4.8021321296691895,nan,86,12;14;10;12;16
E1,S3,150,5,0.5,GA,15,15000,0.560162488140357,179.5049203066131,0.6866666666666666,15000,5.179892301559448,nan,88,13;11;12;11;15
E1,S3,150,5,0.5,GA,16,15000,0.5194395455894837,168.88759373725696,0.74,15000,5.071582794189453,nan,74,12;16;18;16;14
E1,S3,150,5,0.5,GA,18,15000,0.5693620960392172,184.37646017437675,0.6266666666666667,15000,5.146473407745361,nan,83,13;13;15;14;12
E1,S3,150,5,0.5,PSO,2,15000,0.6763871512948172,202.4104467631746,0.5533333333333333,15000,2.614853858947754,nan,95,4;8;8;8;27
E1,S3,150,5,0.5,PSO,3,15000,0.7211780605985066,234.17319861158532,0.46,15000,2.665181875228882,nan,93,5;9;9;7;27
E1,S3,150,5,0.5,PSO,1,15000,0.5810715033416963,183.0480377639172,0.6466666666666666,15000,2.793444871902466,nan,95,6;7;9;8;25
E1,S3,150,5,0.5,PSO,5,15000,0.6973890170442474,214.78882179158896,0.5466666666666666,15000,2.544583559036255,nan,97,5;5;6;7;30
E1,S3,150,5,0.5,PSO,4,15000,0.6559831944576264,199.9532219947292,0.6066666666666667,15000,2.833073616027832,nan,101,4;7;5;7;26
E1,S3,150,5,0.5,PSO,6,15000,0.6222603619412819,200.4442293826903,0.5866666666666667,15000,2.7583789825439453,nan,88,8;10;10;10;24
E1,S3,150,5,0.5,GA,19,15000,0.5925767063098901,185.06654375928787,0.62,15000,4.7338221073150635,nan,82,15;12;9;16;16
E1,S3,150,5,0.5,GA,24,15000,0.5656352816852371,182.28157016613034,0.6266666666666667,15000,4.620667219161987,nan,81,16;12;17;12;12
E1,S3,150,5,0.5,GA,21,15000,0.5915712330295034,179.1530917946032,0.5933333333333334,15000,4.81699275970459,nan,84,15;12;12;12;15
E1,S3,150,5,0.5,GA,23,15000,0.5550558541635756,164.22014121700317,0.6266666666666667,15000,4.794297456741333,nan,84,15;13;13;12;13
E1,S3,150,5,0.5,GA,25,15000,0.5663623212679818,178.56151430986506,0.62,15000,4.856702089309692,nan,82,15;14;12;14;13
E1,S3,150,5,0.5,GA,22,15000,0.590725386715514,170.828784243433,0.5866666666666667,15000,4.935973405838013,nan,88,10;14;13;13;12
E1,S3,150,5,0.5,GA,20,15000,0.5513878504178849,185.3293788118944,0.64,15000,5.047977924346924,nan,80,15;11;16;14;14
E1,S3,150,5,0.5,GA,26,15000,0.6004484432861432,182.7441230942243,0.6066666666666667,15000,5.1851606369018555,nan,81,13;7;16;18;15
E1,S3,150,5,0.5,GA,30,15000,0.586049660544681,193.38298214220498,0.58,15000,4.917361736297607,nan,83,13;14;14;12;14
E1,S3,150,5,0.5,GA,28,15000,0.5745576632142781,186.89416882359632,0.6066666666666667,15000,5.034684419631958,nan,79,16;14;16;14;11
E1,S3,150,5,0.5,GA,27,15000,0.5704764453498676,187.3771818656312,0.6333333333333333,15000,5.130610227584839,nan,82,14;12;14;16;12
E1,S3,150,5,0.5,GA,29,15000,0.5956901231660046,170.54425999094704,0.6066666666666667,15000,5.094370126724243,nan,96,11;11;8;10;14
E1,S3,150,5,0.5,PSO,7,15000,0.6858471326796372,196.35061822644843,0.5866666666666667,15000,2.7316606044769287,nan,104,5;1;7;4;29
E1,S3,150,5,0.5,PSO,8,15000,0.7004361593353938,224.4365411252616,0.5733333333333334,15000,2.6666388511657715,nan,89,8;6;9;7;31
E1,S3,150,5,0.5,PSO,9,15000,0.7193688717066022,213.885404028634,0.5466666666666666,15000,2.7438340187072754,nan,97,7;3;7;7;29
E1,S3,150,5,0.5,PSO,10,15000,0.6921215479434608,223.8900177932353,0.56,15000,2.7981107234954834,nan,91,10;9;7;8;25
E1,S3,150,5,0.5,PSO,11,15000,0.7242872937783642,230.2509134927944,0.52,15000,2.823094606399536,nan,85,7;8;9;10;31
E1,S3,150,5,0.5,PSO,12,15000,0.6690860513092622,212.57805518980447,0.54,15000,2.744669198989868,nan,90,7;6;9;9;29
E1,S3,150,5,0.5,PSO,13,15000,0.7650174459525441,256.6187470008073,0.5,15000,2.6464717388153076,nan,81,7;11;8;8;35
E1,S3,150,5,0.5,PSO,17,15000,0.6109937412924578,192.72064641726507,0.6333333333333333,15000,2.507018566131592,nan,101,6;8;7;5;23
E1,S3,150,5,0.5,PSO,14,15000,0.671945899068537,220.69902477221345,0.5133333333333333,15000,2.827432870864868,nan,95,7;10;7;9;22
E1,S3,150,5,0.5,PSO,18,15000,0.6377680117156456,209.30359243759975,0.5933333333333334,15000,2.607421398162842,nan,98,6;7;5;8;26
E1,S3,150,5,0.5,PSO,15,15000,0.6743980875470269,208.08168749649008,0.5866666666666667,15000,2.7647435665130615,nan,95,6;7;7;7;28
E1,S3,150,5,0.5,PSO,16,15000,0.6319483552993566,198.8868064088365,0.6533333333333333,15000,2.7400691509246826,nan,92,8;7;8;7;28
E1,S3,150,5,0.5,PSO,19,15000,0.7245284381326785,222.74016850164145,0.52,15000,2.820610761642456,nan,91,7;6;5;10;31
E1,S3,150,5,0.5,PSO,20,15000,0.6566528362117323,217.89780899002494,0.56,15000,2.662423849105835,nan,89,7;7;7;7;33
E1,S3,150,5,0.5,PSO,22,15000,0.6547460735292625,194.8571105660698,0.5666666666666667,15000,2.674323081970215,nan,99,6;9;7;7;22
E1,S3,150,5,0.5,PSO,23,15000,0.6534369691404494,202.13265109980813,0.6,15000,2.6858320236206055,nan,93,8;6;7;9;27
E1,S3,150,5,0.5,PSO,21,15000,0.6910118996588726,215.81113329960215,0.5533333333333333,15000,2.8409624099731445,nan,94,8;5;6;6;31
E1,S3,150,5,0.5,PSO,24,15000,0.6878585171282616,220.2271272833131,0.54,15000,2.799909830093384,nan,89,6;8;13;8;26
E1,S3,150,5,0.5,PSO,27,15000,0.6785273602327748,213.86047941381048,0.5266666666666666,15000,2.5117616653442383,nan,98,7;7;6;7;25
E1,S3,150,5,0.5,PSO,25,15000,0.6644249414654593,210.85317541295728,0.56,15000,2.7448720932006836,nan,96,6;9;5;7;27
E1,S3,150,5,0.5,PSO,26,15000,0.7085542234134239,216.5847419932951,0.54,15000,2.8494601249694824,nan,89,6;8;9;8;30
E1,S3,150,5,0.5,PSO,28,15000,0.6141471244101886,201.5282770893935,0.5866666666666667,15000,2.8203742504119873,nan,94,8;8;9;9;22
E1,S3,150,5,0.5,PSO,29,15000,0.7530428129401159,220.70128036026512,0.5266666666666666,15000,2.7189226150512695,nan,99,7;7;3;6;28
E1,S3,150,5,0.5,CSA,1,15000,0.7515199869815348,225.49702951192782,0.49333333333333335,15000,2.4123311042785645,nan,54,16;16;19;17;28
E1,S3,150,5,0.5,PSO,30,15000,0.6761552455978148,231.1488373813845,0.5466666666666666,15000,2.844686508178711,nan,97,6;6;7;4;30
E1,S3,150,5,0.5,CSA,2,15000,0.8700728615623342,257.6694002934968,0.41333333333333333,15000,2.441281318664551,nan,49,16;15;16;21;33
E1,S3,150,5,0.5,CSA,4,15000,0.8675264524714017,257.2176500745063,0.44666666666666666,15000,2.3630495071411133,nan,53,12;20;16;20;29
E1,S3,150,5,0.5,CSA,6,15000,0.7783433718777237,246.78584885974553,0.4666666666666667,15000,2.35615873336792,nan,56,10;16;14;20;34
E1,S3,150,5,0.5,CSA,3,15000,0.8494755135645358,290.38240552404284,0.42,15000,2.5030879974365234,nan,63,15;10;17;17;28
E1,S3,150,5,0.5,CSA,5,15000,0.8431030860428812,255.4208134850851,0.43333333333333335,15000,2.500394344329834,nan,62,15;12;13;22;26
E1,S3,150,5,0.5,CSA,7,15000,0.771613103776331,226.03086233769994,0.56,15000,2.453176736831665,nan,64,14;14;14;14;30
E1,S3,150,5,0.5,CSA,8,15000,0.8543086286008027,260.0097350487724,0.42,15000,2.4736928939819336,nan,48,15;15;16;21;35
E1,S3,150,5,0.5,CSA,9,15000,0.8539735363148886,252.0598916335515,0.4533333333333333,15000,2.464601755142212,nan,60,13;9;13;20;35
E1,S3,150,5,0.5,CSA,11,15000,0.810872735206269,247.64519869815314,0.42,15000,2.3884809017181396,nan,67,9;10;14;17;33
E1,S3,150,5,0.5,CSA,10,15000,0.7599194604850894,244.97606115109144,0.5133333333333333,15000,2.527834892272949,nan,66,15;13;11;19;26
E1,S3,150,5,0.5,CSA,12,15000,0.787116402167051,243.90031223012807,0.43333333333333335,15000,2.584347724914551,nan,54,10;13;20;23;30
E1,S3,150,5,0.5,CSA,13,15000,0.8559579599974084,282.0009762602306,0.42,15000,2.515026092529297,nan,56,17;15;15;18;29
E1,S3,150,5,0.5,CSA,14,15000,0.8253793232331049,268.8092932121456,0.3933333333333333,15000,2.548100233078003,nan,55,15;16;15;20;29
E1,S3,150,5,0.5,CSA,15,15000,0.7579010595322795,227.43504161746395,0.5066666666666667,15000,2.5503461360931396,nan,61,14;14;16;19;26
E1,S3,150,5,0.5,CSA,16,15000,0.7919346206816407,233.57431579362668,0.49333333333333335,15000,2.3678975105285645,nan,59,15;11;14;20;31
E1,S3,150,5,0.5,CSA,17,15000,0.7899801368288608,246.34060897603376,0.5133333333333333,15000,2.445955753326416,nan,57,16;14;15;19;29
E1,S3,150,5,0.5,CSA,18,15000,0.8101797665653222,253.82607932912413,0.43333333333333335,15000,2.2295050621032715,nan,55,13;18;13;23;28
E1,S3,150,5,0.5,CSA,19,15000,0.826336786645232,246.55672779783282,0.42,15000,2.3472604751586914,nan,61,15;14;14;18;28
E1,S3,150,5,0.5,CSA,21,15000,0.7360131763080942,225.8098455348309,0.5066666666666667,15000,2.259739637374878,nan,67,13;15;15;16;24
E1,S3,150,5,0.5,CSA,20,15000,0.8287789387371977,268.86061544755376,0.42,15000,2.429267168045044,nan,45,16;18;18;23;30
E1,S3,150,5,0.5,CSA,22,15000,0.8346789285054546,251.16840162411188,0.46,15000,2.4488043785095215,nan,61,12;12;13;21;31
E1,S3,150,5,0.5,CSA,23,15000,0.7521021871518956,226.79843995583656,0.5133333333333333,15000,2.4408702850341797,nan,60,11;15;19;16;29
E1,S3,150,5,0.5,CSA,24,15000,0.821889866016253,260.6456886402487,0.44,15000,2.5241589546203613,nan,39,23;15;19;24;30
E1,S3,150,5,0.5,CSA,25,15000,0.8771939306551814,275.42562445336534,0.4066666666666667,15000,2.3393654823303223,nan,53,13;15;15;18;36
E1,S3,150,5,0.5,CSA,27,15000,0.8109256407216902,266.6478900741457,0.48,15000,2.4001753330230713,nan,55,15;20;18;16;26
E1,S3,150,5,0.5,CSA,26,15000,0.8164959007126831,244.31667229334687,0.44666666666666666,15000,2.557835578918457,nan,61,12;13;17;18;29
E1,S3,150,5,0.5,CSA,29,15000,0.8127072080610307,233.37996436134932,0.4666666666666667,15000,2.4338130950927734,nan,64,12;15;14;20;25
E1,S3,150,5,0.5,CSA,28,15000,0.7661305303531295,250.31780500405787,0.48,15000,2.5303189754486084,nan,64,15;12;15;19;25
E1,S3,150,5,0.5,CSA,30,15000,0.8190945996168044,268.6577923829336,0.4066666666666667,15000,2.4037256240844727,nan,66,13;11;13;16;31
E1,S3,150,5,0.5,GA-PSO,1,15000,0.4696242067916905,152.2172311552548,0.7333333333333333,15050,2.8960862159729004,nan,83,11;13;14;16;13
E1,S3,150,5,0.5,GA-PSO,2,15000,0.5724865197781468,175.35084942948677,0.64,15050,2.934055805206299,nan,82,11;15;14;15;13
E1,S3,150,5,0.5,GA-PSO,3,15000,0.572363822326581,191.53646318287375,0.5933333333333334,15050,2.919809103012085,nan,86,10;15;16;13;10
E1,S3,150,5,0.5,GA-PSO,4,15000,0.5109860555908076,161.50051792662208,0.72,15050,2.889146566390991,nan,90,10;13;13;14;10
E1,S3,150,5,0.5,GA-PSO,5,15000,0.5838528716342093,181.23455775664866,0.6266666666666667,15050,2.9171361923217773,nan,90,9;12;14;13;12
E1,S3,150,5,0.5,GA-PSO,6,15000,0.5366760579745231,176.85085387356517,0.66,15050,2.9284653663635254,nan,73,16;15;15;16;15
E1,S3,150,5,0.5,GA-PSO,7,15000,0.5587268274143363,167.48129554673352,0.7,15050,2.928650379180908,nan,92,11;13;13;10;11
E1,S3,150,5,0.5,GA-PSO,8,15000,0.5505434100768487,175.33843399483516,0.66,15050,2.8694679737091064,nan,88,13;12;14;13;10
E1,S3,150,5,0.5,GA-PSO,9,15000,0.5610721390471033,172.6611415328672,0.6733333333333333,15050,2.8172638416290283,nan,89,11;11;15;13;11
E1,S3,150,5,0.5,GA-PSO,10,15000,0.5551837574229211,177.92006844646318,0.64,15050,2.816274642944336,nan,85,13;16;11;14;11
E1,S3,150,5,0.5,GA-PSO,11,15000,0.5646781629423516,181.30765870023995,0.6333333333333333,15050,2.941448450088501,nan,83,13;12;15;14;13
E1,S3,150,5,0.5,GA-PSO,12,15000,0.5334801599260931,182.4295700751987,0.6866666666666666,15050,2.831113576889038,nan,81,14;11;15;14;15
E1,S3,150,5,0.5,GA-PSO,13,15000,0.5508941889429557,188.12798371110284,0.6533333333333333,15050,2.8469550609588623,nan,84,14;18;12;10;12
E1,S3,150,5,0.5,GA-PSO,14,15000,0.5914101670626333,192.96103681713055,0.5666666666666667,15050,2.7473297119140625,nan,81,12;15;14;17;11
E1,S3,150,5,0.5,GA-PSO,17,15000,0.5173975055518587,165.56380587097152,0.7,15050,2.75740385055542,nan,84,11;15;11;15;14
E1,S3,150,5,0.5,GA-PSO,15,15000,0.5497232135084033,176.34366966006706,0.6933333333333334,15050,2.845015048980713,nan,81,15;13;13;15;13
E1,S3,150,5,0.5,GA-PSO,16,15000,0.5248859663713463,166.91285068470148,0.72,15050,2.9181101322174072,nan,74,12;15;18;14;17
E1,S3,150,5,0.5,GA-PSO,18,15000,0.5630263908983466,184.53591207763105,0.64,15050,2.797351837158203,nan,85,9;13;13;16;14
E1,S3,150,5,0.5,GA-PSO,19,15000,0.5691148946906972,180.41043117123826,0.6466666666666666,15050,2.7866106033325195,nan,84,12;14;12;15;13
E1,S3,150,5,0.5,GA-PSO,20,15000,0.535010288763416,180.483463325505,0.6533333333333333,15050,2.754058599472046,nan,80,13;12;15;15;15
E1,S3,150,5,0.5,GA-PSO,22,15000,0.5893129288360364,173.1658490005163,0.6,15050,2.744959831237793,nan,90,9;16;11;15;9
E1,S3,150,5,0.5,GA-PSO,21,15000,0.5716491730482296,176.1127117830387,0.62,15050,2.8864121437072754,nan,81,14;17;14;11;13
E1,S3,150,5,0.5,GA-PSO,24,15000,0.50703235271222,171.73036307848872,0.7,15050,2.828033924102783,nan,86,13;11;13;14;13
E1,S3,150,5,0.5,GA-PSO,23,15000,0.5189763344543259,158.5381597754366,0.6733333333333333,15050,2.891343593597412,nan,89,9;15;12;12;13
E1,S3,150,5,0.5,CEO,1,15000,0.42318577372350263,146.28539608896648,0.8,15120,2.1633541584014893,nan,92,7;12;13;13;13
E1,S3,150,5,0.5,GA-PSO,25,15000,0.5377607659858936,176.06205664438767,0.6666666666666666,15050,2.896676540374756,nan,86,14;11;12;13;14
E1,S3,150,5,0.5,GA-PSO,26,15000,0.5655944716726786,173.00428242123417,0.6333333333333333,15050,2.837425947189331,nan,90,11;10;13;12;14
E1,S3,150,5,0.5,GA-PSO,27,15000,0.5525892061683824,180.3330946061168,0.64,15050,2.796731472015381,nan,84,13;14;14;14;11
E1,S3,150,5,0.5,CEO,2,15000,0.514392802741654,159.82098406674953,0.6866666666666666,15120,2.339744806289673,nan,96,11;12;11;11;9
E1,S3,150,5,0.5,CEO,4,15000,0.46552778235654696,150.4178255965753,0.76,15120,2.2636075019836426,nan,96,9;16;7;11;11
E1,S3,150,5,0.5,GA-PSO,28,15000,0.5512714737773097,180.32319636238236,0.6266666666666667,15050,2.9123575687408447,nan,76,15;14;17;17;11
E1,S3,150,5,0.5,CEO,5,15000,0.5384413275609955,171.16035399665827,0.6733333333333333,15120,2.2908434867858887,nan,101,11;9;11;8;10
E1,S3,150,5,0.5,CEO,3,15000,0.5208537272483706,173.45181369681234,0.6266666666666667,15120,2.4336934089660645,nan,101,8;10;13;12;6
E1,S3,150,5,0.5,GA-PSO,30,15000,0.5513647054777436,184.11710396298872,0.6133333333333333,15050,2.890383243560791,nan,85,14;13;13;8;17
E1,S3,150,5,0.5,CEO,6,15000,0.4639577602567087,159.46285813108557,0.7333333333333333,15150,2.3336985111236572,nan,90,11;13;13;12;11
E1,S3,150,5,0.5,GA-PSO,29,15000,0.5501079341344055,165.30904888550646,0.6733333333333333,15050,2.947826623916626,nan,96,9;11;10;13;11
E1,S3,150,5,0.5,CEO,7,15000,0.4976742978611878,150.65947135054003,0.74,15120,2.3971750736236572,nan,105,9;7;11;7;11
E1,S3,150,5,0.5,CEO,8,15000,0.5024312463141383,163.92138876776585,0.7066666666666667,15120,2.336174726486206,nan,97,12;8;15;10;8
E1,S3,150,5,0.5,CEO,9,15000,0.5035953411847094,157.83922957259185,0.72,15120,2.2729337215423584,nan,96,11;6;14;13;10
E1,S3,150,5,0.5,CEO,10,15000,0.5055321445579563,162.27790971972297,0.6733333333333333,15120,2.4179606437683105,nan,95,12;13;10;11;9
E1,S3,150,5,0.5,CEO,11,15000,0.5202782335005025,168.1220782190724,0.6666666666666666,15120,2.2665929794311523,nan,94,10;11;11;14;10
E1,S3,150,5,0.5,CEO,12,15000,0.4890683665964302,167.38331988206602,0.7133333333333334,15120,2.3883824348449707,nan,92,12;10;13;9;14
E1,S3,150,5,0.5,CEO,13,15000,0.49970066705866417,174.24603323866796,0.7,15120,2.363682985305786,nan,95,12;13;11;8;11
E1,S3,150,5,0.5,CEO,14,15000,0.5479419807509804,182.59329967758913,0.6133333333333333,15120,2.326422929763794,nan,89,11;13;12;13;12
E1,S3,150,5,0.5,CEO,17,15000,0.46207785599013634,157.15803611945194,0.7733333333333333,15120,2.212246894836426,nan,96,10;12;10;11;11
E1,S3,150,5,0.5,CEO,16,15000,0.443344530486243,148.8976459462973,0.8,15120,2.299194097518921,nan,95,8;12;13;10;12
E1,S3,150,5,0.5,CEO,15,15000,0.4837121507030835,158.84035904934927,0.7466666666666667,15120,2.3755829334259033,nan,97,11;11;11;11;9
E1,S3,150,5,0.5,CEO,18,15000,0.5127635523877037,166.7438745512167,0.6666666666666666,15120,2.233106851577759,nan,92,9;15;11;11;12
E1,S3,150,5,0.5,CEO,19,15000,0.5170270532576187,167.19183866921207,0.6933333333333334,15120,2.2925665378570557,nan,99,11;7;10;13;10
E1,S3,150,5,0.5,CEO,20,15000,0.47599414595577605,166.00387354892416,0.7133333333333334,15120,2.215691328048706,nan,95,11;11;12;11;10
E1,S3,150,5,0.5,CEO,21,15000,0.5279606662540194,166.71977960824222,0.6666666666666666,15120,2.2393877506256104,nan,95,12;13;10;10;10
E1,S3,150,5,0.5,CEO,22,15000,0.5207152242183697,158.96296775332974,0.6733333333333333,15120,2.225811719894409,nan,100,9;12;9;10;10
E1,S3,150,5,0.5,CEO,23,15000,0.48165801390076834,149.33208741290736,0.7066666666666667,15120,2.2656893730163574,nan,100,10;11;9;10;10
E1,S3,150,5,0.5,CEO,24,15000,0.48477838763162945,164.23296852670285,0.7133333333333334,15120,2.2812414169311523,nan,91,11;12;13;13;10
E1,S3,150,5,0.5,CEO,25,15000,0.48573329231508156,160.86692717735602,0.7066666666666667,15120,2.134697914123535,nan,94,13;14;10;11;8
E1,S3,150,5,0.5,CEO,26,15000,0.5154586223779434,157.85675277971984,0.6666666666666666,15120,2.295509099960327,nan,102,8;10;11;8;11
E1,S3,150,5,0.5,CEO,27,15000,0.5078863500509472,168.3769176275128,0.68,15120,2.2475740909576416,nan,100,11;10;9;11;9
E1,S3,150,5,0.5,CEO,28,15000,0.490676844004341,166.8405323516313,0.6933333333333334,15120,2.345170021057129,nan,89,13;11;13;13;11
E1,S3,150,5,0.5,CEO,29,15000,0.5163712660313573,155.16389969603324,0.6933333333333334,15120,2.2778830528259277,nan,101,11;10;6;10;12
E1,S4,200,5,0.5,Random,1,15000,1.02900608535988,419.7125023734002,0.3,15000,2.112983226776123,nan,55,27;23;24;36;35
E1,S3,150,5,0.5,CEO,30,15000,0.5106341897567928,173.45646689272328,0.6533333333333333,15120,2.424717426300049,nan,96,11;10;12;9;12
E1,S4,200,5,0.5,Random,2,15000,1.1101612350316565,462.88405695272513,0.305,15000,2.0752205848693848,nan,57,31;28;32;27;25
E1,S4,200,5,0.5,Random,3,15000,1.1049281572418996,493.8947714947121,0.28,15000,2.0466980934143066,nan,47,30;30;30;37;26
E1,S4,200,5,0.5,Random,4,15000,1.0756968384899195,425.9361932177402,0.32,15000,2.0351128578186035,nan,52,28;32;33;26;29
E1,S4,200,5,0.5,Random,6,15000,1.0095981352248788,430.935878793297,0.285,15000,2.0242743492126465,nan,55,29;29;30;27;30
E1,S4,200,5,0.5,Random,5,15000,1.133130426458166,463.52550465222896,0.28,15000,2.0840423107147217,nan,55,28;24;36;26;31
E1,S4,200,5,0.5,Random,9,15000,1.1067375658404086,450.9371870888283,0.32,15000,2.0206711292266846,nan,51,32;29;29;30;29
E1,S4,200,5,0.5,Random,7,15000,1.1791312551773134,464.36058413529776,0.295,15000,2.140756368637085,nan,54,31;27;29;25;34
E1,S4,200,5,0.5,Random,8,15000,1.1120176979150007,455.5539966874136,0.3,15000,2.1810073852539062,nan,51,33;26;28;33;29
E1,S4,200,5,0.5,Random,10,15000,1.1006638803571382,464.5730744035729,0.305,15000,2.0909817218780518,nan,50,31;39;25;32;23
E1,S4,200,5,0.5,Random,12,15000,1.059734544634139,468.5923251646243,0.34,15000,2.181749105453491,nan,52,32;32;29;26;29
E1,S4,200,5,0.5,Random,11,15000,1.0503931100751531,445.3472617637432,0.285,15000,2.214738130569458,nan,52,32;37;24;30;25
E1,S4,200,5,0.5,Random,13,15000,1.1327433514135863,492.81042140595554,0.28,15000,2.132542133331299,nan,52,29;30;28;25;36
E1,S4,200,5,0.5,Random,15,15000,1.0567697189214402,440.4947090297002,0.335,15000,2.0164363384246826,nan,61,32;27;28;28;24
E1,S4,200,5,0.5,Random,14,15000,1.1065388764294255,483.53013285891376,0.25,15000,2.150566816329956,nan,47,34;32;30;29;28
E1,S4,200,5,0.5,Random,16,15000,1.1051282000754952,463.41428596252365,0.38,15000,2.197755813598633,nan,49,37;34;28;29;23
E1,S4,200,5,0.5,Random,17,15000,1.094404379158183,443.49454713302634,0.3,15000,2.153066635131836,nan,50,31;27;32;31;29
E1,S4,200,5,0.5,Random,20,15000,1.0560877070785653,470.9752773478462,0.33,15000,2.0688867568969727,nan,55,28;35;31;25;26
E1,S4,200,5,0.5,Random,18,15000,1.0688625973692418,480.79419317028635,0.3,15000,2.1648149490356445,nan,50,32;27;21;35;35
E1,S4,200,5,0.5,Random,19,15000,1.1036209867265292,473.80515006499536,0.295,15000,2.2064640522003174,nan,54,24;35;34;30;23
E1,S4,200,5,0.5,Random,21,15000,1.1148370589702852,465.65897064193166,0.295,15000,2.1350338459014893,nan,48,37;29;35;25;26
E1,S4,200,5,0.5,Random,22,15000,1.0988975103607692,442.0800468010432,0.335,15000,2.129772424697876,nan,46,35;28;29;27;35
E1,S4,200,5,0.5,Random,23,15000,1.1023246259178763,461.7856781258373,0.325,15000,2.0620505809783936,nan,48,36;30;28;27;31
E1,S4,200,5,0.5,Random,24,15000,1.043831753237301,446.6320053999754,0.335,15000,2.1545441150665283,nan,52,26;28;36;31;27
E1,S4,200,5,0.5,Random,25,15000,1.0772859149517258,446.6279055104837,0.26,15000,2.1153061389923096,nan,49,35;35;33;28;20
E1,S4,200,5,0.5,Random,26,15000,1.1480040136905596,489.61704940203947,0.295,15000,2.0585150718688965,nan,49,26;32;34;25;34
E1,S4,200,5,0.5,Random,28,15000,1.0560868222712978,450.8838258183314,0.265,15000,2.035325050354004,nan,43,25;29;34;36;33
E1,S4,200,5,0.5,Random,27,15000,1.064156539252047,483.681190729248,0.295,15000,2.1020936965942383,nan,55,28;31;29;27;30
E1,S4,200,5,0.5,Random,29,15000,1.1079656875058697,447.12819170242665,0.32,15000,2.09616756439209,nan,50,34;29;34;30;23
E1,S4,200,5,0.5,Random,30,15000,1.1281513914651151,492.36522220401133,0.27,15000,2.131641149520874,nan,51,28;30;26;33;32
E1,S4,200,5,0.5,GA,3,15000,0.6870386088062344,293.0759907056387,0.51,15000,5.270614385604858,nan,113,15;16;20;19;17
E1,S4,200,5,0.5,GA,1,15000,0.6184262495047066,254.00491717114048,0.585,15000,5.942874908447266,nan,110,18;19;20;18;15
E1,S4,200,5,0.5,GA,2,15000,0.6894055395483452,272.7589259922614,0.52,15000,5.966329097747803,nan,110,19;13;19;18;21
E1,S4,200,5,0.5,GA,4,15000,0.6655303320969259,265.17946771670825,0.585,15000,5.635263204574585,nan,107,18;20;17;19;19
E1,S4,200,5,0.5,GA,5,15000,0.7061458678139219,276.4771166437909,0.51,15000,5.8766725063323975,nan,117,20;14;18;16;15
E1,S4,200,5,0.5,GA,10,15000,0.655007921285022,269.86742907920524,0.565,15000,5.877887487411499,nan,113,15;20;16;22;14
E1,S4,200,5,0.5,GA,6,15000,0.6410041323243814,273.26219325319215,0.545,15000,6.037946462631226,nan,105,23;20;15;20;17
E1,S4,200,5,0.5,GA,11,15000,0.6457272680531333,268.8096705164121,0.545,15000,5.886463403701782,nan,113,16;20;15;19;17
E1,S4,200,5,0.5,GA,9,15000,0.6932530707493914,276.8614386390237,0.555,15000,5.951457262039185,nan,110,17;17;17;23;16
E1,S4,200,5,0.5,GA,13,15000,0.7092312533907401,296.05948623795973,0.51,15000,5.719170331954956,nan,109,24;20;18;14;15
E1,S4,200,5,0.5,GA,8,15000,0.6644702799939675,267.2104571965688,0.565,15000,6.010943651199341,nan,115,18;15;18;16;18
E1,S4,200,5,0.5,GA,15,15000,0.6615018463641047,266.99720494407785,0.555,15000,5.66514778137207,nan,112,19;21;16;15;17
E1,S4,200,5,0.5,GA,7,15000,0.6967894502635534,269.2411249881053,0.565,15000,6.124230146408081,nan,118,17;14;12;18;21
E1,S4,200,5,0.5,GA,14,15000,0.6858854003547284,284.8051984569928,0.49,15000,5.820493936538696,nan,111,18;18;16;17;20
E1,S4,200,5,0.5,GA,12,15000,0.6504575125263461,284.44109199726125,0.585,15000,5.965928077697754,nan,107,20;20;16;21;16
E1,S4,200,5,0.5,GA,16,15000,0.631874397381988,256.0748978764125,0.615,15000,5.761147737503052,nan,114,18;17;15;18;18
E1,S4,200,5,0.5,GA,18,15000,0.6628829390367414,284.5072865260274,0.525,15000,5.7202253341674805,nan,111,14;18;17;19;21
E1,S4,200,5,0.5,GA,17,15000,0.6509509654398857,262.70580104161,0.58,15000,5.811085939407349,nan,108,18;21;20;19;14
E1,S4,200,5,0.5,PSO,1,15000,0.7562640816921494,325.29843163214537,0.54,15000,2.9195189476013184,nan,128,7;8;8;10;39
E1,S4,200,5,0.5,PSO,2,15000,0.8286554624911254,345.13560594868113,0.48,15000,2.9102108478546143,nan,119,6;9;10;10;46
E1,S4,200,5,0.5,PSO,3,15000,0.8240696742817195,369.0112253482621,0.465,15000,2.8836286067962646,nan,138,4;6;6;8;38
E1,S4,200,5,0.5,PSO,4,15000,0.7704597584442807,317.2446602153875,0.555,15000,2.9009130001068115,nan,131,5;8;8;9;39
E1,S4,200,5,0.5,PSO,5,15000,0.8317330019685072,351.77209630655443,0.51,15000,2.9019687175750732,nan,132,6;6;6;6;44
E1,S4,200,5,0.5,PSO,6,15000,0.7358412178565878,322.71791698261063,0.505,15000,2.9114890098571777,nan,118,12;10;12;9;39
E1,S4,200,5,0.5,GA,19,15000,0.7081893381877833,289.024633813465,0.5,15000,6.072761535644531,nan,107,20;16;19;19;19
E1,S4,200,5,0.5,GA,20,15000,0.6429067396506403,276.21968457372753,0.56,15000,6.190748691558838,nan,111,21;15;18;18;17
E1,S4,200,5,0.5,GA,21,15000,0.6701287495116628,274.9525130485765,0.56,15000,6.285867691040039,nan,115,15;17;17;16;20
E1,S4,200,5,0.5,GA,22,15000,0.6715215797847498,260.45058657479285,0.56,15000,6.312734127044678,nan,110,15;19;16;19;21
E1,S4,200,5,0.5,GA,23,15000,0.6626919610532517,265.7790248275096,0.555,15000,6.159247159957886,nan,110,16;18;18;20;18
E1,S4,200,5,0.5,PSO,8,15000,0.7875318123953119,334.8015815207983,0.545,15000,2.988166093826294,nan,122,8;8;12;7;43
E1,S4,200,5,0.5,PSO,10,15000,0.7413119752163819,318.4760288344097,0.55,15000,3.0052247047424316,nan,140,9;7;7;6;31
E1,S4,200,5,0.5,PSO,7,15000,0.7756168021149649,309.3093060096912,0.55,15000,3.066624164581299,nan,140,5;5;8;5;37
E1,S4,200,5,0.5,PSO,9,15000,0.719164494610415,289.1599604201711,0.545,15000,3.0821807384490967,nan,141,6;4;6;8;35
E1,S4,200,5,0.5,GA,25,15000,0.6727312657433944,274.8342990046908,0.525,15000,6.291942119598389,nan,111,21;17;14;19;18
E1,S4,200,5,0.5,GA,24,15000,0.6703276440623875,276.4735551387979,0.54,15000,6.332950592041016,nan,101,19;21;19;23;17
E1,S4,200,5,0.5,PSO,11,15000,0.7985149917747008,347.72974598327875,0.485,15000,3.0603525638580322,nan,128,6;7;9;8;42
E1,S4,200,5,0.5,GA,26,15000,0.682537987568711,275.45081507779105,0.53,15000,6.391899108886719,nan,119,18;16;15;15;17
E1,S4,200,5,0.5,GA,30,15000,0.6805375121776334,282.61029125947886,0.515,15000,6.383394479751587,nan,108,18;17;16;17;24
E1,S4,200,5,0.5,GA,29,15000,0.6807682911660807,262.44819812257845,0.54,15000,6.435106992721558,nan,111,23;15;15;16;20
E1,S4,200,5,0.5,GA,28,15000,0.6506036808886693,278.68354391168,0.55,15000,6.498534202575684,nan,110,22;15;17;15;21
E1,S4,200,5,0.5,GA,27,15000,0.6627587101567703,292.42764419614446,0.535,15000,6.523796796798706,nan,107,25;16;19;19;14
E1,S4,200,5,0.5,PSO,12,15000,0.7458220601852872,329.6250390080078,0.535,15000,3.2328031063079834,nan,133,9;6;7;8;37
E1,S4,200,5,0.5,PSO,13,15000,0.8649103149798947,373.0215190886261,0.44,15000,3.129544734954834,nan,131,6;9;4;3;47
E1,S4,200,5,0.5,PSO,14,15000,0.7762517184849044,341.23034341802406,0.48,15000,2.99674654006958,nan,133,8;7;8;8;36
E1,S4,200,5,0.5,PSO,15,15000,0.7837914405628543,323.1269545124936,0.495,15000,3.0383331775665283,nan,137,7;8;5;6;37
E1,S4,200,5,0.5,PSO,16,15000,0.7406629736238578,297.62309683762953,0.54,15000,3.0238540172576904,nan,136,4;7;8;8;37
E1,S4,200,5,0.5,PSO,17,15000,0.791372706399389,334.449583006193,0.54,15000,3.0725016593933105,nan,132,6;8;7;5;42
E1,S4,200,5,0.5,PSO,18,15000,0.7135379247263127,315.042540535833,0.515,15000,3.046562433242798,nan,140,4;8;5;8;35
E1,S4,200,5,0.5,PSO,20,15000,0.7807599815935495,338.49923687954004,0.475,15000,3.0176780223846436,nan,122,7;8;8;10;45
E1,S4,200,5,0.5,PSO,19,15000,0.8235657144197042,344.45682165471936,0.445,15000,3.0595061779022217,nan,131,8;6;6;8;41
E1,S4,200,5,0.5,PSO,21,15000,0.7785096189508901,325.88411787800055,0.51,15000,3.0662877559661865,nan,126,8;8;9;8;41
E1,S4,200,5,0.5,PSO,22,15000,0.7787763051466263,312.2236842847724,0.525,15000,2.974687337875366,nan,129,5;8;9;8;41
E1,S4,200,5,0.5,PSO,23,15000,0.7474679435970637,318.474502218454,0.56,15000,3.026423454284668,nan,133,7;7;7;4;42
E1,S4,200,5,0.5,PSO,24,15000,0.7599696349699311,323.3398758595622,0.51,15000,2.9932992458343506,nan,125,7;9;10;10;39
E1,S4,200,5,0.5,PSO,25,15000,0.7967899732258906,335.8079623705875,0.47,15000,3.021350383758545,nan,133,7;7;7;5;41
E1,S4,200,5,0.5,PSO,27,15000,0.7407996769997841,335.2737760386184,0.505,15000,3.0155701637268066,nan,125,9;10;9;10;37
E1,S4,200,5,0.5,PSO,26,15000,0.8594297175245682,365.8597811732458,0.47,15000,3.1222832202911377,nan,130,5;7;7;6;45
E1,S4,200,5,0.5,PSO,30,15000,0.742917297126819,311.5655490708434,0.48,15000,2.9999375343322754,nan,141,6;6;8;5;34
E1,S4,200,5,0.5,PSO,28,15000,0.7722017636611849,346.8465413765555,0.515,15000,3.066009044647217,nan,129,10;7;7;8;39
E1,S4,200,5,0.5,PSO,29,15000,0.820622525368705,329.319110305089,0.49,15000,3.086226463317871,nan,132,7;8;5;8;40
E1,S4,200,5,0.5,CSA,1,15000,0.9128322258863618,386.5352004943918,0.425,15000,2.722998857498169,nan,82,12;20;17;26;43
E1,S4,200,5,0.5,CSA,2,15000,0.9505582618646483,381.18910848080304,0.355,15000,2.6954257488250732,nan,77,16;20;18;26;43
E1,S4,200,5,0.5,CSA,3,15000,0.9953231701224976,439.4583490589507,0.335,15000,2.6744773387908936,nan,70,15;23;25;25;42
E1,S4,200,5,0.5,CSA,4,15000,0.958203848959245,381.07115202834547,0.4,15000,2.7002651691436768,nan,73,18;20;25;27;37
E1,S4,200,5,0.5,CSA,5,15000,0.9678630661376807,382.42680602415135,0.34,15000,2.6504623889923096,nan,83,13;15;22;27;40
E1,S4,200,5,0.5,CSA,6,15000,0.8660077264155441,378.999789644237,0.415,15000,2.6395514011383057,nan,82,17;20;23;17;41
E1,S4,200,5,0.5,CSA,7,15000,1.0184461760556387,400.7788006893442,0.39,15000,2.7256548404693604,nan,75,18;20;25;25;37
E1,S4,200,5,0.5,CSA,8,15000,1.0151704022905408,426.0529000476009,0.395,15000,2.720085859298706,nan,76,15;18;22;26;43
E1,S4,200,5,0.5,CSA,9,15000,1.011061277701969,412.3113495780211,0.38,15000,2.6899983882904053,nan,75,14;20;18;25;48
E1,S4,200,5,0.5,CSA,10,15000,0.9481897023788568,402.90613519464983,0.41,15000,2.747126817703247,nan,80,17;19;16;25;43
E1,S4,200,5,0.5,CSA,12,15000,0.9221288024791559,396.2835836759687,0.39,15000,2.709136962890625,nan,82,16;21;18;23;40
E1,S4,200,5,0.5,CSA,11,15000,0.9251868188722846,393.7958007316821,0.375,15000,2.7446300983428955,nan,83,16;13;19;30;39
E1,S4,200,5,0.5,CSA,13,15000,0.9818711397333888,425.29132964301164,0.37,15000,2.6950583457946777,nan,72,21;19;22;27;39
E1,S4,200,5,0.5,CSA,14,15000,0.9487860576169567,410.65559146930667,0.345,15000,2.7219924926757812,nan,80,13;20;20;32;35
E1,S4,200,5,0.5,CSA,15,15000,0.9630765147024903,398.71608400337044,0.385,15000,2.687645673751831,nan,73,18;20;21;35;33
E1,S4,200,5,0.5,CSA,16,15000,0.9742405403818337,404.61523597922644,0.44,15000,2.6845004558563232,nan,73,18;12;23;33;41
E1,S4,200,5,0.5,CSA,17,15000,0.9736198012861375,396.85486528412974,0.385,15000,2.7424399852752686,nan,73,18;21;17;27;44
E1,S4,200,5,0.5,CSA,18,15000,0.9696522358533913,429.4882878306737,0.345,15000,2.7338290214538574,nan,75,16;21;17;26;45
E1,S4,200,5,0.5,CSA,19,15000,0.9213917486541783,377.77934561571783,0.355,15000,2.7363951206207275,nan,80,17;17;19;25;42
E1,S4,200,5,0.5,CSA,20,15000,0.9762925107810314,425.3888506051741,0.35,15000,2.7959096431732178,nan,65,26;18;24;26;41
E1,S4,200,5,0.5,CSA,21,15000,0.8880475383951152,366.83294516515906,0.425,15000,2.711756706237793,nan,86,15;24;18;20;37
E1,S4,200,5,0.5,CSA,22,15000,0.9105061440360684,362.2519407926032,0.435,15000,2.700242757797241,nan,85,11;20;18;22;44
E1,S4,200,5,0.5,CSA,23,15000,0.9218580638168469,376.9748019645434,0.405,15000,2.6932971477508545,nan,94,12;14;15;22;43
E1,S4,200,5,0.5,CSA,24,15000,0.8752353262567889,365.888695673976,0.415,15000,2.793877124786377,nan,84,13;16;21;26;40
E1,S4,200,5,0.5,CSA,27,15000,0.9433805025050672,425.38304646794586,0.365,15000,2.6316111087799072,nan,79,17;17;15;30;42
E1,S4,200,5,0.5,CSA,25,15000,0.9053565468106849,377.52684120114486,0.385,15000,2.7519147396087646,nan,73,14;21;25;27;40
E1,S4,200,5,0.5,CSA,26,15000,1.0244710440842857,430.5106484100395,0.35,15000,2.7242445945739746,nan,75,17;19;21;28;40
E1,S4,200,5,0.5,CSA,28,15000,0.958249126186568,416.28591922533684,0.355,15000,2.7329835891723633,nan,74,14;22;26;22;42
E1,S4,200,5,0.5,CSA,29,15000,0.9502733037659257,374.238158895942,0.385,15000,2.6828811168670654,nan,73,18;28;21;27;33
E1,S4,200,5,0.5,CSA,30,15000,0.96317742675638,423.02584458278693,0.385,15000,2.769400119781494,nan,82,15;22;18;24;39
E1,S4,200,5,0.5,GA-PSO,1,15000,0.5712075948361519,240.2709501988607,0.635,15050,3.157656669616699,nan,116,15;14;17;20;18
E1,S4,200,5,0.5,GA-PSO,2,15000,0.6271403425130402,254.69345402799237,0.585,15050,3.2022101879119873,nan,121,14;18;14;18;15
E1,S4,200,5,0.5,GA-PSO,4,15000,0.5792642281879536,235.49864268433046,0.655,15050,3.1539111137390137,nan,123,11;20;13;16;17
E1,S4,200,5,0.5,GA-PSO,3,15000,0.6396647255079084,273.26930918628904,0.545,15050,3.1969683170318604,nan,117,14;15;18;19;17
E1,S4,200,5,0.5,GA-PSO,5,15000,0.6352293025676619,254.94356491511854,0.58,15050,3.1773898601531982,nan,133,10;13;15;14;15
E1,S4,200,5,0.5,GA-PSO,6,15000,0.6249132088315981,272.5412617726924,0.575,15050,3.1929807662963867,nan,106,18;19;20;16;21
E1,S4,200,5,0.5,GA-PSO,7,15000,0.6263753729550218,243.72974087956248,0.615,15050,3.13441801071167,nan,129,13;14;13;13;18
E1,S4,200,5,0.5,GA-PSO,8,15000,0.598464096389413,250.16871931188186,0.64,15050,3.216881275177002,nan,128,12;14;19;12;15
E1,S4,200,5,0.5,GA-PSO,9,15000,0.6193185131140335,248.08182387300167,0.605,15050,3.191199779510498,nan,123,10;14;17;18;18
E1,S4,200,5,0.5,GA-PSO,10,15000,0.6263904825431117,258.3836591063964,0.585,15050,3.1411030292510986,nan,123,14;18;15;13;17
E1,S4,200,5,0.5,GA-PSO,11,15000,0.6096446873287659,260.0796585631601,0.59,15050,3.234398365020752,nan,118,13;17;17;19;16
E1,S4,200,5,0.5,GA-PSO,12,15000,0.6094946355711821,258.1371573692572,0.585,15050,3.1501553058624268,nan,118,18;14;17;17;16
E1,S4,200,5,0.5,GA-PSO,13,15000,0.6252074710443409,269.5780514393757,0.595,15050,3.2227516174316406,nan,126,15;17;14;13;15
E1,S4,200,5,0.5,GA-PSO,15,15000,0.6016928965015804,247.34717527013055,0.61,15050,3.1594836711883545,nan,125,17;16;14;15;13
E1,S4,200,5,0.5,GA-PSO,16,15000,0.5976990684529131,246.35623156810686,0.65,15050,3.1344001293182373,nan,114,14;17;19;18;18
E1,S4,200,5,0.5,GA-PSO,14,15000,0.6410623795714583,275.00752749288984,0.55,15050,3.2621188163757324,nan,118,14;16;17;19;16
E1,S4,200,5,0.5,GA-PSO,17,15000,0.592428097357284,245.71270318056082,0.64,15050,3.211407423019409,nan,122,12;16;14;20;16
E1,S4,200,5,0.5,GA-PSO,18,15000,0.632416714853238,275.83513510573255,0.56,15050,3.2093381881713867,nan,113,18;17;16;16;20
E1,S4,200,5,0.5,GA-PSO,19,15000,0.6293111981996241,261.34641809449477,0.57,15050,3.196791648864746,nan,117,15;19;17;16;16
E1,S4,200,5,0.5,GA-PSO,20,15000,0.597694939249234,258.1198435256281,0.595,15050,3.125847578048706,nan,116,16;16;19;16;17
E1,S4,200,5,0.5,GA-PSO,22,15000,0.6179512730277331,242.5283432486122,0.605,15050,3.120614528656006,nan,120,13;15;16;18;18
E1,S4,200,5,0.5,GA-PSO,21,15000,0.615425124629796,249.17323826637767,0.585,15050,3.143887758255005,nan,122,14;19;13;15;17
E1,S4,200,5,0.5,GA-PSO,24,15000,0.6037016634966976,253.47678172702888,0.6,15050,3.152494192123413,nan,119,13;15;18;18;17
E1,S4,200,5,0.5,GA-PSO,23,15000,0.5862979228701424,239.27669017302247,0.62,15050,3.19907808303833,nan,121,15;16;16;16;16
E1,S4,200,5,0.5,GA-PSO,25,15000,0.6062112004383954,254.93040943029405,0.595,15050,3.181684970855713,nan,121,16;14;17;16;16
E1,S4,200,5,0.5,GA-PSO,26,15000,0.6234667195687602,256.01932156174473,0.585,15050,3.132561206817627,nan,127,13;15;15;13;17
E1,S4,200,5,0.5,GA-PSO,27,15000,0.6096334771253482,273.312178445667,0.585,15050,3.155203342437744,nan,115,16;16;18;19;16
E1,S4,200,5,0.5,CEO,1,15000,0.502865940871963,216.5709099821143,0.695,15120,2.529618263244629,nan,129,14;12;15;15;15
E1,S4,200,5,0.5,CEO,2,15000,0.5773927967765973,235.1213634173641,0.62,15120,2.5186855792999268,nan,139,10;15;13;11;12
E1,S4,200,5,0.5,GA-PSO,28,15000,0.6218070762395604,268.01259405556436,0.575,15050,3.1441850662231445,nan,115,19;16;17;18;15
E1,S4,200,5,0.5,CEO,3,15000,0.5820802185868699,245.03535788438978,0.575,15120,2.4895882606506348,nan,132,13;12;17;16;10
E1,S4,200,5,0.5,CEO,4,15000,0.5410395202078823,224.9473363127143,0.695,15120,2.500134229660034,nan,141,11;12;13;13;10
E1,S4,200,5,0.5,GA-PSO,29,15000,0.6172546347483567,240.02461614480436,0.59,15050,3.0661420822143555,nan,128,12;15;14;16;15
E1,S4,200,5,0.5,CEO,5,15000,0.5915206279620508,236.23259953200184,0.605,15120,2.537426233291626,nan,140,11;11;15;12;11
E1,S4,200,5,0.5,CEO,6,15000,0.5369193095478704,232.5641628649085,0.63,15120,2.487210273742676,nan,127,16;15;17;12;13
E1,S4,200,5,0.5,GA-PSO,30,15000,0.6269608862883361,257.7216660269413,0.545,15050,3.1322925090789795,nan,124,13;14;16;12;21
E1,S4,200,5,0.5,CEO,7,15000,0.5734318026561295,225.22367127272855,0.655,15120,2.507397174835205,nan,145,10;9;12;11;13
E1,S4,200,5,0.5,CEO,8,15000,0.5424432388718765,230.129078951447,0.685,15120,2.425635576248169,nan,139,15;13;12;9;12
E1,S4,200,5,0.5,CEO,10,15000,0.5591451378572095,233.86759101613745,0.64,15120,2.4523019790649414,nan,141,11;11;11;12;14
E1,S4,200,5,0.5,CEO,9,15000,0.5582471385908315,225.3970515277496,0.65,15120,2.533242702484131,nan,139,12;10;15;12;12
E1,S4,200,5,0.5,CEO,11,15000,0.5619088056500081,239.03913289611256,0.62,15120,2.5110161304473877,nan,137,15;11;11;14;12
E1,S4,200,5,0.5,CEO,12,15000,0.548563441451239,236.66962359154877,0.64,15120,2.5602614879608154,nan,135,13;11;13;12;16
E1,S4,200,5,0.5,CEO,13,15000,0.5803031048121777,244.1293853294234,0.605,15120,2.548086166381836,nan,141,14;14;11;9;11
E1,S4,200,5,0.5,CEO,14,15000,0.597088133880905,252.55134360186264,0.57,15120,2.5231361389160156,nan,135,14;15;10;17;9
E1,S4,200,5,0.5,CEO,15,15000,0.5557120549994841,233.0663263335752,0.655,15120,2.4887471199035645,nan,137,13;14;12;15;9
E1,S4,200,5,0.5,CEO,17,15000,0.5335309368969671,224.0283302144445,0.685,15120,2.408137083053589,nan,138,12;14;9;15;12
E1,S4,200,5,0.5,CEO,20,15000,0.5328094808989833,230.43596706224815,0.64,15120,2.390475273132324,nan,138,13;11;14;12;12
E1,S4,200,5,0.5,CEO,19,15000,0.5734370631790945,238.71710773408222,0.61,15120,2.4622092247009277,nan,134,13;14;9;16;14
E1,S4,200,5,0.5,CEO,16,15000,0.5220098473961257,221.18481639831606,0.715,15120,2.526618003845215,nan,134,11;12;15;14;14
E1,S4,200,5,0.5,CEO,21,15000,0.582948937480006,233.91701339592333,0.6,15120,2.3802309036254883,nan,138,15;15;10;9;13
E1,S4,200,5,0.5,CEO,18,15000,0.576332492341715,251.70105898034262,0.6,15120,2.5003623962402344,nan,131,14;15;11;15;14
E1,S4,200,5,0.5,CEO,22,15000,0.5480731756669976,220.9675855384398,0.67,15120,2.3570656776428223,nan,141,9;13;10;15;12
E1,S4,200,5,0.5,CEO,23,15000,0.5421133660916814,221.65564361405518,0.65,15120,2.3804678916931152,nan,136,13;16;11;10;14
E1,S4,200,5,0.5,CEO,24,15000,0.5482956818555635,232.81572659607423,0.645,15120,2.337602376937866,nan,134,10;15;15;13;13
E1,S4,200,5,0.5,CEO,26,15000,0.5775628188133728,233.921177935389,0.605,15120,2.261690855026245,nan,136,13;13;12;13;13
E1,S4,200,5,0.5,CEO,27,15000,0.5675778983318549,254.9237089453943,0.615,15120,2.2854607105255127,nan,135,15;13;12;13;12
E1,S4,200,5,0.5,CEO,25,15000,0.5572098878159613,233.45969338726158,0.625,15120,2.3615028858184814,nan,134,15;13;12;14;12
E1,S4,200,5,0.5,CEO,28,15000,0.5459678701566388,237.99726999959591,0.635,15120,2.249016523361206,nan,130,15;14;17;16;8
E1,S4,200,5,0.5,CEO,30,15000,0.5754708121602882,242.24390065712348,0.6,15120,2.099400043487549,nan,132,14;11;14;12;17
E1,S4,200,5,0.5,CEO,29,15000,0.5779323310744893,227.31914331024754,0.625,15120,2.2242658138275146,nan,139,11;11;12;13;14
E1mem,S1,50,5,0.5,Random,1,15000,0.448157531345002,44.263617949563084,0.78,15000,1.775777816772461,0.026764,10,4;8;10;8;10
E1mem,S1,50,5,0.5,GA,1,15000,0.29248593069930073,35.66743903390881,0.96,15000,3.3357203006744385,0.06449,18,5;7;6;7;7
E1mem,S1,50,5,0.5,PSO,1,15000,0.3620566518568548,38.22917681591196,0.86,15000,2.3669238090515137,0.090823,20,5;5;6;6;8
E1mem,S1,50,5,0.5,CSA,1,15000,0.3544379991265149,39.849851130233134,0.9,15000,2.0695481300354004,0.079412,12,7;9;7;9;6
E1mem,S1,50,5,0.5,GA-PSO,1,15000,0.2961798259944511,34.84199236029732,0.94,15050,2.44242525100708,0.085278,17,5;7;7;8;6
E1mem,S1,50,5,0.5,CEO,1,15000,0.29923419847362526,36.55076328043965,0.96,15080,1.9098179340362549,0.063673,19,6;7;6;7;5
E1mem,S2,100,5,0.5,Random,1,15000,0.6974798689115056,121.22677717145406,0.55,15000,1.59320068359375,0.015572,27,15;16;9;17;16
E1mem,S2,100,5,0.5,GA,1,15000,0.43996733650518066,88.51018040257753,0.81,15000,4.349647283554077,0.084716,48,10;12;10;11;9
E1mem,S2,100,5,0.5,PSO,1,15000,0.5029164903095635,98.24700500568207,0.76,15000,2.3186230659484863,0.145108,55,9;6;8;7;15
E1mem,S2,100,5,0.5,CSA,1,15000,0.6239817871215133,112.63198877087748,0.63,15000,2.076923131942749,0.138516,38,10;11;9;12;20
E1mem,S2,100,5,0.5,GA-PSO,1,15000,0.41197123356703197,86.45857597897293,0.85,15050,2.4878830909729004,0.146128,51,7;10;11;10;11
E1mem,S2,100,5,0.5,CEO,1,15000,0.375401722048792,82.20724462534497,0.89,15120,1.887073278427124,0.09908,54,8;10;11;8;9
E1mem,S3,150,5,0.5,Random,1,15000,0.8620056673178278,252.87500349810696,0.3933333333333333,15000,1.6176447868347168,0.019978,42,19;17;22;26;24
E1mem,S3,150,5,0.5,GA,1,15000,0.5000369524611004,158.43919627586956,0.7,15000,5.590812683105469,0.115526,86,13;10;12;13;16
E1mem,S3,150,5,0.5,PSO,1,15000,0.5810715033416963,183.0480377639172,0.6466666666666666,15000,2.3693811893463135,0.207962,95,6;7;9;8;25
E1mem,S3,150,5,0.5,CSA,1,15000,0.7515199869815348,225.49702951192782,0.49333333333333335,15000,2.0810043811798096,0.200116,54,16;16;19;17;28
E1mem,S3,150,5,0.5,GA-PSO,1,15000,0.4696242067916905,152.2172311552548,0.7333333333333333,15050,2.4555447101593018,0.212284,83,11;13;14;16;13
E1mem,S3,150,5,0.5,CEO,1,15000,0.42318577372350263,146.28539608896648,0.8,15120,1.9170479774475098,0.142604,92,7;12;13;13;13
E1mem,S4,200,5,0.5,Random,1,15000,1.02900608535988,419.7125023734002,0.3,15000,1.6607096195220947,0.024612,55,27;23;24;36;35
E1mem,S4,200,5,0.5,GA,1,15000,0.6184262495047066,254.00491717114048,0.585,15000,6.7057952880859375,0.146132,110,18;19;20;18;15
E1mem,S4,200,5,0.5,PSO,1,15000,0.7562640816921494,325.29843163214537,0.54,15000,2.3775253295898438,0.271804,128,7;8;8;10;39
E1mem,S4,200,5,0.5,CSA,1,15000,0.9128322258863618,386.5352004943918,0.425,15000,2.0565690994262695,0.261903,82,12;20;17;26;43
E1mem,S4,200,5,0.5,GA-PSO,1,15000,0.5712075948361519,240.2709501988607,0.635,15050,2.5333147048950195,0.277656,116,15;14;17;20;18
E1mem,S4,200,5,0.5,CEO,1,15000,0.502865940871963,216.5709099821143,0.695,15120,1.9982163906097412,0.188792,129,14;12;15;15;15
